Kode Identitas,Nama Perusahaan,Status Dokumen,Email Tujuan,Status terakhir,Status History,Timestamp History,Urutan History
56519c6e-440d-43ca-b3ca-607e30043412,BANK MANDIRI PERSERO TBK PT,SUBMITTED RESPONDENT,mmu.banggai-kepulauan@bankmandiri.co.id,Delivered,Delivered,"11 Jun 2026, 21:45:59",1
56519c6e-440d-43ca-b3ca-607e30043412,BANK MANDIRI PERSERO TBK PT,SUBMITTED RESPONDENT,mmu.banggai-kepulauan@bankmandiri.co.id,Delivered,Queued,"11 Jun 2026, 21:45:59",2
56519c6e-440d-43ca-b3ca-607e30043412,BANK MANDIRI PERSERO TBK PT,SUBMITTED RESPONDENT,mmu.banggai-kepulauan@bankmandiri.co.id,Delivered,Delivered,"02 Jun 2026, 01:50:58",3
56519c6e-440d-43ca-b3ca-607e30043412,BANK MANDIRI PERSERO TBK PT,SUBMITTED RESPONDENT,mmu.banggai-kepulauan@bankmandiri.co.id,Delivered,Queued,"02 Jun 2026, 01:50:58",4
4b3d4210-f21f-43bc-90cb-365395f8d755,PTBPRSYARIAHKHAIRANINTIAMANAH,SUBMITTED RESPONDENT,avatarcrue@gmail.com,Permanent_fail,Permanent_fail,"11 Jun 2026, 14:00:36",1
4b3d4210-f21f-43bc-90cb-365395f8d755,PTBPRSYARIAHKHAIRANINTIAMANAH,SUBMITTED RESPONDENT,avatarcrue@gmail.com,Permanent_fail,Permanent_fail,"09 Jun 2026, 11:19:15",2
4b3d4210-f21f-43bc-90cb-365395f8d755,PTBPRSYARIAHKHAIRANINTIAMANAH,SUBMITTED RESPONDENT,avatarcrue@gmail.com,Permanent_fail,Queued,"02 Jun 2026, 11:35:03",3
4b3d4210-f21f-43bc-90cb-365395f8d755,PTBPRSYARIAHKHAIRANINTIAMANAH,SUBMITTED RESPONDENT,avatarcrue@gmail.com,Permanent_fail,Bounced,"02 Jun 2026, 11:35:02",4
f80c30d1-c8ce-4221-a098-abb94d627cbf,BANK SULTENG PT,SUBMITTED RESPONDENT,n7763078@gmail.com,Delivered,Delivered,"11 Jun 2026, 10:53:56",1
f80c30d1-c8ce-4221-a098-abb94d627cbf,BANK SULTENG PT,SUBMITTED RESPONDENT,n7763078@gmail.com,Delivered,Queued,"11 Jun 2026, 10:53:53",2
f80c30d1-c8ce-4221-a098-abb94d627cbf,BANK SULTENG PT,SUBMITTED RESPONDENT,n7763078@gmail.com,Delivered,Delivered,"02 Jun 2026, 10:18:10",3
f80c30d1-c8ce-4221-a098-abb94d627cbf,BANK SULTENG PT,SUBMITTED RESPONDENT,n7763078@gmail.com,Delivered,Queued,"02 Jun 2026, 10:18:07",4
81b140d6-80f9-436f-81e4-bbfc8ae820d3,BPR MODERN EXPRESS PT,SUBMITTED RESPONDENT,bpr.381@lakadana.com,Permanent_fail,Permanent_fail,"11 Jun 2026, 10:53:00",1
ec2ea21f-b88a-400a-8f3d-a03562ff60ad,BRI UNIT SALAKAN,DRAFT,n5164@corp.bri.com,Bounced,Bounced,"02 Jun 2026, 09:36:45",1
ec2ea21f-b88a-400a-8f3d-a03562ff60ad,BRI UNIT SALAKAN,DRAFT,n5164@corp.bri.com,Bounced,Queued,"02 Jun 2026, 09:36:44",2
ee8b681d-6b31-47d7-8d77-76c615ca2857,Bank BRI BULAGI,OPEN,-,-,-,-,0
3a1c6cef-f7e6-424e-9f28-38913bff9917,"KELOLA MINA LAUT, PT",DRAFT,financeluwuka@gmail.com,Clicked,Delivered,"09 Jun 2026, 11:14:53",1
3a1c6cef-f7e6-424e-9f28-38913bff9917,"KELOLA MINA LAUT, PT",DRAFT,financeluwuka@gmail.com,Clicked,Queued,"09 Jun 2026, 11:14:51",2
3a1c6cef-f7e6-424e-9f28-38913bff9917,"KELOLA MINA LAUT, PT",DRAFT,financeluwuka@gmail.com,Clicked,Clicked,"05 Jun 2026, 11:00:02",3
3a1c6cef-f7e6-424e-9f28-38913bff9917,"KELOLA MINA LAUT, PT",DRAFT,financeluwuka@gmail.com,Clicked,Opened,"05 Jun 2026, 10:59:50",4
3a1c6cef-f7e6-424e-9f28-38913bff9917,"KELOLA MINA LAUT, PT",DRAFT,financeluwuka@gmail.com,Clicked,Delivered,"05 Jun 2026, 09:29:47",5
3a1c6cef-f7e6-424e-9f28-38913bff9917,"KELOLA MINA LAUT, PT",DRAFT,financeluwuka@gmail.com,Clicked,Queued,"05 Jun 2026, 09:29:44",6
3a1c6cef-f7e6-424e-9f28-38913bff9917,"KELOLA MINA LAUT, PT",DRAFT,financeluwuka@gmail.com,Clicked,Delivered,"02 Jun 2026, 00:45:02",7
3a1c6cef-f7e6-424e-9f28-38913bff9917,"KELOLA MINA LAUT, PT",DRAFT,financeluwuka@gmail.com,Clicked,Queued,"02 Jun 2026, 00:44:59",8
e4269010-f6bd-4eef-84e4-7a5acd0ad51d,ALAM SUKSES BERJAYA,SUBMITTED RESPONDENT,berkattbperkasa@gmail.com,Opened,Opened,"10 Jun 2026, 08:15:35",1
e4269010-f6bd-4eef-84e4-7a5acd0ad51d,ALAM SUKSES BERJAYA,SUBMITTED RESPONDENT,berkattbperkasa@gmail.com,Opened,Delivered,"10 Jun 2026, 04:29:50",2
e4269010-f6bd-4eef-84e4-7a5acd0ad51d,ALAM SUKSES BERJAYA,SUBMITTED RESPONDENT,berkattbperkasa@gmail.com,Opened,Queued,"10 Jun 2026, 04:29:47",3
e4269010-f6bd-4eef-84e4-7a5acd0ad51d,ALAM SUKSES BERJAYA,SUBMITTED RESPONDENT,berkattbperkasa@gmail.com,Opened,Opened,"09 Jun 2026, 11:46:27",4
e4269010-f6bd-4eef-84e4-7a5acd0ad51d,ALAM SUKSES BERJAYA,SUBMITTED RESPONDENT,berkattbperkasa@gmail.com,Opened,Opened,"02 Jun 2026, 09:18:48",5
e4269010-f6bd-4eef-84e4-7a5acd0ad51d,ALAM SUKSES BERJAYA,SUBMITTED RESPONDENT,berkattbperkasa@gmail.com,Opened,Delivered,"02 Jun 2026, 09:08:55",6
e4269010-f6bd-4eef-84e4-7a5acd0ad51d,ALAM SUKSES BERJAYA,SUBMITTED RESPONDENT,berkattbperkasa@gmail.com,Opened,Queued,"02 Jun 2026, 09:08:51",7
9c14f8ec-cab8-43b3-ac33-10f9fa18edd4,KILONGAN JAYA SAKTI,DRAFT,kilonganjayasakti@gmail.com,Clicked,Opened,"09 Jun 2026, 16:28:53",1
9c14f8ec-cab8-43b3-ac33-10f9fa18edd4,KILONGAN JAYA SAKTI,DRAFT,kilonganjayasakti@gmail.com,Clicked,Opened,"06 Jun 2026, 10:21:44",2
9c14f8ec-cab8-43b3-ac33-10f9fa18edd4,KILONGAN JAYA SAKTI,DRAFT,kilonganjayasakti@gmail.com,Clicked,Clicked,"06 Jun 2026, 07:50:43",3
9c14f8ec-cab8-43b3-ac33-10f9fa18edd4,KILONGAN JAYA SAKTI,DRAFT,kilonganjayasakti@gmail.com,Clicked,Opened,"06 Jun 2026, 07:50:39",4
9c14f8ec-cab8-43b3-ac33-10f9fa18edd4,KILONGAN JAYA SAKTI,DRAFT,kilonganjayasakti@gmail.com,Clicked,Opened,"03 Jun 2026, 09:58:29",5
9c14f8ec-cab8-43b3-ac33-10f9fa18edd4,KILONGAN JAYA SAKTI,DRAFT,kilonganjayasakti@gmail.com,Clicked,Opened,"02 Jun 2026, 09:40:12",6
9c14f8ec-cab8-43b3-ac33-10f9fa18edd4,KILONGAN JAYA SAKTI,DRAFT,kilonganjayasakti@gmail.com,Clicked,Opened,"02 Jun 2026, 09:33:32",7
9c14f8ec-cab8-43b3-ac33-10f9fa18edd4,KILONGAN JAYA SAKTI,DRAFT,kilonganjayasakti@gmail.com,Clicked,Delivered,"02 Jun 2026, 04:59:38",8
9c14f8ec-cab8-43b3-ac33-10f9fa18edd4,KILONGAN JAYA SAKTI,DRAFT,kilonganjayasakti@gmail.com,Clicked,Queued,"02 Jun 2026, 04:59:27",9
f38e29e5-fca6-406a-935d-c274f1b881e8,PT BPR CIPTA DANA PRIMA,OPEN,-,-,-,-,0
3bc4f583-dc87-41fc-b3c7-3f194ac3eb99,"DONGGI SENORO LNG, PT",DRAFT,relation.communication@dslng.com,Clicked,Opened,"19 May 2026, 16:16:19",1
3bc4f583-dc87-41fc-b3c7-3f194ac3eb99,"DONGGI SENORO LNG, PT",DRAFT,relation.communication@dslng.com,Clicked,Clicked,"19 May 2026, 14:58:05",2
3bc4f583-dc87-41fc-b3c7-3f194ac3eb99,"DONGGI SENORO LNG, PT",DRAFT,relation.communication@dslng.com,Clicked,Clicked,"19 May 2026, 14:57:28",3
3bc4f583-dc87-41fc-b3c7-3f194ac3eb99,"DONGGI SENORO LNG, PT",DRAFT,relation.communication@dslng.com,Clicked,Clicked,"19 May 2026, 14:49:53",4
3bc4f583-dc87-41fc-b3c7-3f194ac3eb99,"DONGGI SENORO LNG, PT",DRAFT,relation.communication@dslng.com,Clicked,Opened,"19 May 2026, 14:09:35",5
3bc4f583-dc87-41fc-b3c7-3f194ac3eb99,"DONGGI SENORO LNG, PT",DRAFT,relation.communication@dslng.com,Clicked,Opened,"19 May 2026, 14:05:30",6
3bc4f583-dc87-41fc-b3c7-3f194ac3eb99,"DONGGI SENORO LNG, PT",DRAFT,relation.communication@dslng.com,Clicked,Delivered,"18 May 2026, 13:16:19",7
3bc4f583-dc87-41fc-b3c7-3f194ac3eb99,"DONGGI SENORO LNG, PT",DRAFT,relation.communication@dslng.com,Clicked,Queued,"18 May 2026, 13:16:15",8
3bc4f583-dc87-41fc-b3c7-3f194ac3eb99,"DONGGI SENORO LNG, PT",DRAFT,relation.communication@dslng.com,Clicked,Queued,"09 Jun 2026, 11:15:22",9
3bc4f583-dc87-41fc-b3c7-3f194ac3eb99,"DONGGI SENORO LNG, PT",DRAFT,relation.communication@dslng.com,Clicked,Delivered,"09 Jun 2026, 11:15:21",10
3bc4f583-dc87-41fc-b3c7-3f194ac3eb99,"DONGGI SENORO LNG, PT",DRAFT,relation.communication@dslng.com,Clicked,Clicked,"05 Jun 2026, 15:45:11",11
3bc4f583-dc87-41fc-b3c7-3f194ac3eb99,"DONGGI SENORO LNG, PT",DRAFT,relation.communication@dslng.com,Clicked,Clicked,"05 Jun 2026, 15:44:27",12
3bc4f583-dc87-41fc-b3c7-3f194ac3eb99,"DONGGI SENORO LNG, PT",DRAFT,relation.communication@dslng.com,Clicked,Clicked,"05 Jun 2026, 15:43:30",13
3bc4f583-dc87-41fc-b3c7-3f194ac3eb99,"DONGGI SENORO LNG, PT",DRAFT,relation.communication@dslng.com,Clicked,Delivered,"02 Jun 2026, 00:48:22",14
3bc4f583-dc87-41fc-b3c7-3f194ac3eb99,"DONGGI SENORO LNG, PT",DRAFT,relation.communication@dslng.com,Clicked,Queued,"02 Jun 2026, 00:48:21",15
c17bc7bb-8b5b-4f6d-93ba-6ab631e321e5,"MATRA ARONA BANGGAI, PT",DRAFT,mjamalsptra@gmail.com,Opened,Delivered,"13 May 2026, 08:24:01",1
c17bc7bb-8b5b-4f6d-93ba-6ab631e321e5,"MATRA ARONA BANGGAI, PT",DRAFT,mjamalsptra@gmail.com,Opened,Queued,"13 May 2026, 08:24:01",2
c17bc7bb-8b5b-4f6d-93ba-6ab631e321e5,"MATRA ARONA BANGGAI, PT",DRAFT,mjamalsptra@gmail.com,Opened,Opened,"02 Jun 2026, 10:34:15",3
c17bc7bb-8b5b-4f6d-93ba-6ab631e321e5,"MATRA ARONA BANGGAI, PT",DRAFT,mjamalsptra@gmail.com,Opened,Opened,"02 Jun 2026, 10:33:34",4
8fac09d0-4295-48fe-8d17-60310e665fc6,Kantor Pln Rayon Banggai,OPEN,-,-,-,-,0
f62f2427-1d03-4451-a7cf-c19d32a39d58,"MIDI UTAMA INDONESIA, TBK",OPEN,tax_staff.btg832001@btg.mu.co.id,Delivered,Delivered,"02 Jun 2026, 10:10:33",1
f62f2427-1d03-4451-a7cf-c19d32a39d58,"MIDI UTAMA INDONESIA, TBK",OPEN,tax_staff.btg832001@btg.mu.co.id,Delivered,Queued,"02 Jun 2026, 10:10:33",2
53553f54-e73d-4dc5-8a26-4f7bb08494dd,PT Mandiri Tunas Finance [MANDIRI TUNAS FINANCE],OPEN,-,-,-,-,0
d16a1c26-de84-4b76-b7c7-0693d4a7dd82,SINAR MITRA SEPADAN FINANCE,OPEN,apriadi.mamang@smsfinance.co.id,Delivered,Delivered,"02 Jun 2026, 08:03:50",1
d16a1c26-de84-4b76-b7c7-0693d4a7dd82,SINAR MITRA SEPADAN FINANCE,OPEN,apriadi.mamang@smsfinance.co.id,Delivered,Queued,"02 Jun 2026, 08:03:36",2
f3049e89-d324-4bdb-973c-1d361982a220,PERTAMINA PERSERO PT,OPEN,-,-,-,-,0
70fe4e3d-79e4-4bcc-b07a-3aeb736f6e60,Pertamina,OPEN,-,-,-,-,0
a1c78c72-91b9-49d3-8634-9806b2ffa2b9,PERTAMINA PATRA NIAGA,OPEN,patra.luwuk@outlook.com,Delivered,Delivered,"02 Jun 2026, 05:19:34",1
a1c78c72-91b9-49d3-8634-9806b2ffa2b9,PERTAMINA PATRA NIAGA,OPEN,patra.luwuk@outlook.com,Delivered,Queued,"02 Jun 2026, 05:19:21",2
de997602-2a99-459c-a990-90f5c6c76661,LAUT SULINDAH SPBU,OPEN,spbulautsulindah@gmail.com,Delivered,Delivered,"02 Jun 2026, 08:48:30",1
de997602-2a99-459c-a990-90f5c6c76661,LAUT SULINDAH SPBU,OPEN,spbulautsulindah@gmail.com,Delivered,Queued,"02 Jun 2026, 08:48:26",2
