tanggal,kabupaten,total_aktivitas,total_submitted,total_approved,total_rejected,total_usaha_tambahan
2026-05-18,POSO,53,0,0,0,53
2026-05-19,BANGGAI KEPULAUAN,21,2,0,0,21
2026-05-19,POSO,2,0,0,0,2
2026-05-20,BANGGAI KEPULAUAN,53,4,0,0,53
2026-05-20,BANGGAI LAUT,6,6,0,0,0
2026-05-20,POSO,18,6,0,0,18
2026-05-21,BANGGAI KEPULAUAN,40,0,0,0,40
2026-05-21,BANGGAI LAUT,7,6,0,0,1
2026-05-21,BUOL,29,3,0,0,27
2026-05-22,BANGGAI KEPULAUAN,1,1,0,0,1
2026-05-22,BANGGAI LAUT,4,3,0,0,1
2026-05-22,BUOL,27,4,0,0,12
2026-05-22,POSO,15,5,0,0,15
2026-05-23,BANGGAI LAUT,1,1,0,0,0
2026-05-23,BUOL,2,1,0,0,0
2026-05-23,POSO,15,2,0,0,2
2026-05-24,POSO,1,1,0,0,0
2026-05-25,BANGGAI KEPULAUAN,5,2,0,0,5
2026-05-25,BANGGAI LAUT,5,5,0,0,0
2026-05-25,BUOL,32,4,0,0,1
2026-05-25,POSO,2,0,0,0,1
2026-05-26,BANGGAI KEPULAUAN,9,2,0,0,1
2026-05-26,BUOL,26,6,0,0,1
2026-05-26,PALU,15,8,0,0,7
2026-05-26,POSO,12,1,0,0,5
2026-05-27,BUOL,2,2,0,0,0
2026-05-27,POSO,3,2,0,0,0
2026-05-28,BUOL,5,3,0,0,0
2026-05-28,PALU,2,0,0,0,1
2026-05-29,BUOL,5,5,0,0,1
2026-05-29,PALU,9,4,0,0,0
2026-05-29,POSO,2,2,0,0,0
2026-05-30,BUOL,8,8,0,0,0
2026-05-31,BUOL,4,2,0,0,0
2026-06-01,BUOL,1,1,0,0,0
2026-06-02,BANGGAI KEPULAUAN,8,2,0,0,2
2026-06-02,BUOL,3,2,0,0,0
2026-06-02,PALU,1,1,0,0,0
2026-06-02,POSO,1,1,0,0,0
2026-06-03,BANGGAI KEPULAUAN,4,1,0,0,0
2026-06-03,BUOL,2,1,0,0,0
2026-06-03,POSO,1,1,0,0,0
2026-06-04,BANGGAI KEPULAUAN,14,3,0,0,0
2026-06-04,BUOL,1,1,0,0,0
2026-06-04,PALU,2,0,0,0,2
2026-06-04,POSO,5,3,0,0,0
2026-06-05,BANGGAI KEPULAUAN,7,4,0,0,0
2026-06-05,BUOL,1,1,0,0,0
2026-06-05,PARIGI MOUTONG,1,1,0,0,1
2026-06-05,TOJO UNA-UNA,1,1,0,0,0
2026-06-06,BANGGAI KEPULAUAN,1,0,0,0,0
2026-06-06,PALU,1,1,0,0,0
2026-06-06,TOJO UNA-UNA,1,1,0,0,0
2026-06-07,BANGGAI KEPULAUAN,2,0,0,0,0
2026-06-08,BANGGAI KEPULAUAN,8,2,0,0,0
2026-06-08,BUOL,69,0,0,0,0
2026-06-08,PALU,16,3,0,0,0
2026-06-08,POSO,10,0,0,0,0
2026-06-09,BANGGAI,50123,0,0,0,76
2026-06-09,BANGGAI KEPULAUAN,26,7,0,0,1
2026-06-09,DONGGALA,45267,0,0,0,7
2026-06-09,PALU,95293,0,0,0,7
2026-06-09,PARIGI MOUTONG,92968,0,0,0,2183
2026-06-09,POSO,3085,1,0,0,19
2026-06-09,SIGI,27450,0,0,0,497
2026-06-09,TOJO UNA-UNA,1,1,0,0,0
2026-06-10,BANGGAI,11075,0,0,0,17
2026-06-10,BANGGAI KEPULAUAN,37,6,0,0,0
2026-06-10,BANGGAI LAUT,12468,0,0,0,259
2026-06-10,BUOL,33227,0,0,0,1475
2026-06-10,DONGGALA,1,0,0,0,0
2026-06-10,MOROWALI,26221,0,0,0,109
2026-06-10,MOROWALI UTARA,14737,0,0,0,301
2026-06-10,PALU,1,0,0,0,0
2026-06-10,POSO,691,5,0,0,0
2026-06-10,SIGI,14860,0,0,0,317
2026-06-10,TOJO UNA-UNA,28530,0,0,0,674
2026-06-10,TOLI-TOLI,34440,0,0,0,1113
2026-06-11,BANGGAI,17051,0,0,0,0
2026-06-11,BANGGAI KEPULAUAN,8,6,0,0,2
2026-06-11,BANGGAI LAUT,7217,0,0,0,157
2026-06-11,BUOL,7310,0,0,0,38
2026-06-11,DONGGALA,11509,0,0,0,0
2026-06-11,MOROWALI,10606,0,0,0,0
2026-06-11,MOROWALI UTARA,7684,0,0,0,166
2026-06-11,PALU,43958,2,0,0,0
2026-06-11,PARIGI MOUTONG,15343,2,0,0,10
2026-06-11,POSO,9956,7,0,0,40
2026-06-11,SIGI,21131,0,0,0,204
2026-06-11,TOJO UNA-UNA,6128,0,0,0,20
2026-06-11,TOLI-TOLI,24408,0,0,0,772
2026-06-12,BANGGAI,806,0,0,0,0
2026-06-12,BANGGAI KEPULAUAN,6,0,0,0,0
2026-06-12,BANGGAI LAUT,95,0,0,0,4
2026-06-12,BUOL,294,0,0,0,3
2026-06-12,DONGGALA,11990,3,0,0,6
2026-06-12,MOROWALI,302,0,0,0,0
2026-06-12,MOROWALI UTARA,5886,2,0,0,153
2026-06-12,PALU,4,0,0,0,0
2026-06-12,PARIGI MOUTONG,1,0,0,0,0
2026-06-12,POSO,1142,3,0,0,5
2026-06-12,SIGI,2981,0,0,0,51
2026-06-12,TOJO UNA-UNA,1328,1,0,0,15
2026-06-12,TOLI-TOLI,296,0,0,0,20
2026-06-13,BANGGAI,450,0,0,0,1
2026-06-13,BANGGAI KEPULAUAN,4,3,0,0,0
2026-06-13,BANGGAI LAUT,157,0,0,0,0
2026-06-13,DONGGALA,6724,1,0,0,7
2026-06-13,MOROWALI UTARA,2,0,0,0,0
2026-06-13,PALU,2,0,0,0,0
2026-06-13,PARIGI MOUTONG,2,0,0,0,0
2026-06-13,POSO,7167,2,0,0,30
2026-06-13,SIGI,8512,11,0,0,195
2026-06-13,TOJO UNA-UNA,888,0,0,0,16
2026-06-13,TOLI-TOLI,214,0,0,0,4
2026-06-14,BANGGAI,6670,0,0,0,5
2026-06-14,BANGGAI KEPULAUAN,32260,39,0,0,1155
2026-06-14,BUOL,787,0,0,0,20
2026-06-14,DONGGALA,6990,1,0,0,1
2026-06-14,MOROWALI,596,0,0,0,0
2026-06-14,MOROWALI UTARA,5564,0,0,0,60
2026-06-14,PALU,1385,0,0,0,0
2026-06-14,PARIGI MOUTONG,272,0,0,0,7
2026-06-14,POSO,43537,0,0,0,45
2026-06-14,SIGI,1824,2,0,0,27
2026-06-14,TOJO UNA-UNA,323,0,0,0,10
2026-06-14,TOLI-TOLI,220,0,0,0,8
2026-06-15,BANGGAI,12550,156,6,4,33
2026-06-15,BANGGAI KEPULAUAN,66,8,0,1,1
2026-06-15,BANGGAI LAUT,160,11,4,0,5
2026-06-15,BUOL,157,25,0,0,9
2026-06-15,DONGGALA,161,2,10,0,12
2026-06-15,MOROWALI,1179,2,0,0,1
2026-06-15,MOROWALI UTARA,969,11,1,0,1
2026-06-15,PALU,1436,93,16,2,52
2026-06-15,PARIGI MOUTONG,706,37,28,8,29
2026-06-15,POSO,230,71,11,0,10
2026-06-15,SIGI,980,47,41,0,32
2026-06-15,TOJO UNA-UNA,94,17,17,1,2
2026-06-15,TOLI-TOLI,149,7,2,0,7
2026-06-16,BANGGAI,789,625,106,3,159
2026-06-16,BANGGAI KEPULAUAN,98,27,36,5,18
2026-06-16,BANGGAI LAUT,90,24,63,1,8
2026-06-16,BUOL,135,98,6,1,24
2026-06-16,DONGGALA,620,28,142,3,37
2026-06-16,MOROWALI,97,54,13,2,34
2026-06-16,MOROWALI UTARA,72,28,18,1,6
2026-06-16,PALU,315,155,117,8,86
2026-06-16,PARIGI MOUTONG,1869,139,109,3,83
2026-06-16,POSO,361,168,147,5,41
2026-06-16,SIGI,208,71,128,0,20
2026-06-16,TOJO UNA-UNA,232,46,120,6,22
2026-06-16,TOLI-TOLI,82,30,22,2,18
2026-06-17,BANGGAI,1133,937,121,4,192
2026-06-17,BANGGAI KEPULAUAN,111,20,64,5,15
2026-06-17,BANGGAI LAUT,119,19,91,2,16
2026-06-17,BUOL,156,112,17,1,30
2026-06-17,DONGGALA,532,25,382,7,51
2026-06-17,MOROWALI,265,156,75,2,47
2026-06-17,MOROWALI UTARA,242,104,107,4,32
2026-06-17,PALU,582,365,145,10,155
2026-06-17,PARIGI MOUTONG,716,230,167,11,74
2026-06-17,POSO,499,240,197,10,67
2026-06-17,SIGI,498,141,178,4,59
2026-06-17,TOJO UNA-UNA,238,30,179,17,34
2026-06-17,TOLI-TOLI,127,66,26,5,31
2026-06-18,BANGGAI,4566,854,236,12,244
2026-06-18,BANGGAI KEPULAUAN,201,78,85,3,22
2026-06-18,BANGGAI LAUT,137,17,110,4,16
2026-06-18,BUOL,367,110,67,28,43
2026-06-18,DONGGALA,462,55,352,6,68
2026-06-18,MOROWALI,339,184,79,1,73
2026-06-18,MOROWALI UTARA,347,111,220,6,37
2026-06-18,PALU,604,337,175,20,192
2026-06-18,PARIGI MOUTONG,486,227,204,5,70
2026-06-18,POSO,886,314,503,12,79
2026-06-18,SIGI,508,109,326,3,69
2026-06-18,TOJO UNA-UNA,388,60,306,10,51
2026-06-18,TOLI-TOLI,303,100,172,4,63
2026-06-19,BANGGAI,1017,678,268,3,177
2026-06-19,BANGGAI KEPULAUAN,546,58,180,7,35
2026-06-19,BANGGAI LAUT,143,23,109,2,18
2026-06-19,BUOL,201,89,80,10,33
2026-06-19,DONGGALA,549,69,406,4,80
2026-06-19,MOROWALI,330,135,119,0,63
2026-06-19,MOROWALI UTARA,357,144,199,7,30
2026-06-19,PALU,586,300,192,23,155
2026-06-19,PARIGI MOUTONG,642,242,301,29,119
2026-06-19,POSO,985,406,504,28,106
2026-06-19,SIGI,445,162,249,7,65
2026-06-19,TOJO UNA-UNA,452,98,315,21,68
2026-06-19,TOLI-TOLI,452,87,317,8,86
2026-06-20,BANGGAI,1334,886,219,34,213
2026-06-20,BANGGAI KEPULAUAN,276,67,160,8,38
2026-06-20,BANGGAI LAUT,237,31,190,2,20
2026-06-20,BUOL,392,215,125,18,56
2026-06-20,DONGGALA,602,106,407,17,100
2026-06-20,MOROWALI,399,156,54,1,71
2026-06-20,MOROWALI UTARA,370,213,123,5,47
2026-06-20,PALU,906,396,395,9,247
2026-06-20,PARIGI MOUTONG,793,433,292,20,112
2026-06-20,POSO,1152,411,484,16,110
2026-06-20,SIGI,652,274,331,23,113
2026-06-20,TOJO UNA-UNA,544,140,361,20,76
2026-06-20,TOLI-TOLI,889,275,362,6,115
2026-06-21,BANGGAI,1592,858,373,36,237
2026-06-21,BANGGAI KEPULAUAN,416,87,265,35,62
2026-06-21,BANGGAI LAUT,423,57,348,0,54
2026-06-21,BUOL,415,226,120,18,69
2026-06-21,DONGGALA,718,78,569,7,91
2026-06-21,MOROWALI,343,224,52,9,89
2026-06-21,MOROWALI UTARA,304,124,141,0,55
2026-06-21,PALU,843,356,367,16,257
2026-06-21,PARIGI MOUTONG,1059,476,533,9,128
2026-06-21,POSO,911,493,348,24,95
2026-06-21,SIGI,801,323,416,23,127
2026-06-21,TOJO UNA-UNA,733,130,534,55,113
2026-06-21,TOLI-TOLI,851,248,449,26,146
2026-06-22,BANGGAI,1468,1050,288,27,236
2026-06-22,BANGGAI KEPULAUAN,413,134,231,8,68
2026-06-22,BANGGAI LAUT,340,41,143,0,24
2026-06-22,BUOL,641,429,139,28,104
2026-06-22,DONGGALA,984,102,800,12,151
2026-06-22,MOROWALI,232,148,53,0,60
2026-06-22,MOROWALI UTARA,381,193,145,5,63
2026-06-22,PALU,848,494,232,12,233
2026-06-22,PARIGI MOUTONG,966,485,427,13,124
2026-06-22,POSO,1669,707,533,27,143
2026-06-22,SIGI,1745,557,386,7,131
2026-06-22,TOJO UNA-UNA,525,200,256,33,76
2026-06-22,TOLI-TOLI,920,343,355,27,135
2026-06-23,BANGGAI,1730,1215,359,64,272
2026-06-23,BANGGAI KEPULAUAN,657,242,363,22,114
2026-06-23,BANGGAI LAUT,323,59,249,1,45
2026-06-23,BUOL,2040,607,272,46,200
2026-06-23,DONGGALA,1236,133,1018,15,177
2026-06-23,MOROWALI,437,229,129,1,101
2026-06-23,MOROWALI UTARA,517,227,225,17,82
2026-06-23,PALU,1457,543,803,11,311
2026-06-23,PARIGI MOUTONG,1674,781,774,50,227
2026-06-23,POSO,2134,777,595,39,149
2026-06-23,SIGI,1200,548,607,8,134
2026-06-23,TOJO UNA-UNA,747,222,464,47,122
2026-06-23,TOLI-TOLI,1173,447,511,18,176
2026-06-24,BANGGAI,2196,1378,534,154,344
2026-06-24,BANGGAI KEPULAUAN,583,256,278,30,70
2026-06-24,BANGGAI LAUT,663,47,600,4,69
2026-06-24,BUOL,1221,525,356,115,157
2026-06-24,DONGGALA,1298,164,999,13,180
2026-06-24,MOROWALI,445,144,168,7,154
2026-06-24,MOROWALI UTARA,540,170,274,20,82
2026-06-24,PALU,1452,576,716,27,339
2026-06-24,PARIGI MOUTONG,2017,954,889,87,243
2026-06-24,POSO,1369,736,430,25,134
2026-06-24,SIGI,1599,613,645,12,168
2026-06-24,TOJO UNA-UNA,837,258,383,37,121
2026-06-24,TOLI-TOLI,1016,408,524,19,191
2026-06-25,BANGGAI,3558,2383,881,113,642
2026-06-25,BANGGAI KEPULAUAN,833,331,383,56,124
2026-06-25,BANGGAI LAUT,459,60,370,11,46
2026-06-25,BUOL,1132,583,429,51,162
2026-06-25,DONGGALA,2042,184,1632,35,352
2026-06-25,MOROWALI,581,278,256,3,147
2026-06-25,MOROWALI UTARA,639,278,291,30,98
2026-06-25,PALU,2208,825,1161,35,499
2026-06-25,PARIGI MOUTONG,2612,1405,1075,61,295
2026-06-25,POSO,1942,763,772,105,131
2026-06-25,SIGI,2883,997,1073,36,312
2026-06-25,TOJO UNA-UNA,1104,328,644,65,172
2026-06-25,TOLI-TOLI,1924,581,910,30,306
2026-06-26,BANGGAI,2660,2093,366,74,514
2026-06-26,BANGGAI KEPULAUAN,834,386,345,63,126
2026-06-26,BANGGAI LAUT,392,110,254,15,40
2026-06-26,BUOL,680,462,116,23,130
2026-06-26,DONGGALA,1408,238,1063,14,227
2026-06-26,MOROWALI,465,247,145,3,138
2026-06-26,MOROWALI UTARA,620,248,304,19,116
2026-06-26,PALU,1878,768,875,62,403
2026-06-26,PARIGI MOUTONG,2505,1413,936,66,325
2026-06-26,POSO,1484,889,435,42,114
2026-06-26,SIGI,1568,879,568,51,182
2026-06-26,TOJO UNA-UNA,752,361,321,51,134
2026-06-26,TOLI-TOLI,1401,654,672,15,274
2026-06-27,BANGGAI,3328,2511,505,63,568
2026-06-27,BANGGAI KEPULAUAN,1084,642,343,50,152
2026-06-27,BANGGAI LAUT,720,117,578,0,51
2026-06-27,BUOL,1095,752,158,60,190
2026-06-27,DONGGALA,1418,335,967,28,261
2026-06-27,MOROWALI,1026,573,269,13,308
2026-06-27,MOROWALI UTARA,793,389,316,27,155
2026-06-27,PALU,2046,817,912,90,432
2026-06-27,PARIGI MOUTONG,3333,2194,951,86,380
2026-06-27,POSO,1657,978,522,40,166
2026-06-27,SIGI,1974,1095,701,22,266
2026-06-27,TOJO UNA-UNA,1053,435,479,65,153
2026-06-27,TOLI-TOLI,1455,813,533,20,210
2026-06-28,BANGGAI,2769,2116,377,49,454
2026-06-28,BANGGAI KEPULAUAN,925,557,291,41,132
2026-06-28,BANGGAI LAUT,611,187,378,2,82
2026-06-28,BUOL,1595,867,217,38,243
2026-06-28,DONGGALA,1728,478,1121,8,280
2026-06-28,MOROWALI,858,549,254,21,254
2026-06-28,MOROWALI UTARA,662,366,216,28,121
2026-06-28,PALU,1937,835,902,26,383
2026-06-28,PARIGI MOUTONG,3389,2264,1003,54,364
2026-06-28,POSO,1080,757,213,49,118
2026-06-28,SIGI,1286,849,337,24,178
2026-06-28,TOJO UNA-UNA,1024,430,482,65,151
2026-06-28,TOLI-TOLI,1450,950,365,32,239
2026-06-29,BANGGAI,3391,2577,498,36,514
2026-06-29,BANGGAI KEPULAUAN,1176,695,401,29,182
2026-06-29,BANGGAI LAUT,748,203,506,7,80
2026-06-29,BUOL,1413,798,277,137,188
2026-06-29,DONGGALA,2334,611,1571,25,381
2026-06-29,MOROWALI,759,347,326,2,237
2026-06-29,MOROWALI UTARA,608,275,266,30,92
2026-06-29,PALU,2355,997,1071,63,458
2026-06-29,PARIGI MOUTONG,3027,1765,1064,102,366
2026-06-29,POSO,1686,873,671,48,146
2026-06-29,SIGI,2453,1370,870,86,279
2026-06-29,TOJO UNA-UNA,1354,463,741,104,195
2026-06-29,TOLI-TOLI,1453,752,538,34,223
2026-06-30,BANGGAI,4007,3117,432,147,580
2026-06-30,BANGGAI KEPULAUAN,1338,869,343,48,220
2026-06-30,BANGGAI LAUT,582,164,392,11,54
2026-06-30,BUOL,1234,780,235,50,201
2026-06-30,DONGGALA,2645,827,1640,50,416
2026-06-30,MOROWALI,892,537,228,15,191
2026-06-30,MOROWALI UTARA,734,451,214,22,126
2026-06-30,PALU,7162,1186,1433,150,689
2026-06-30,PARIGI MOUTONG,3811,1959,1684,79,383
2026-06-30,POSO,1368,642,491,63,125
2026-06-30,SIGI,2422,1556,665,109,306
2026-06-30,TOJO UNA-UNA,1175,428,596,111,136
2026-06-30,TOLI-TOLI,1814,821,734,80,307
2026-07-01,BANGGAI,4238,2721,570,363,660
2026-07-01,BANGGAI KEPULAUAN,1432,819,393,67,189
2026-07-01,BANGGAI LAUT,592,153,364,54,64
2026-07-01,BUOL,1958,962,474,92,271
2026-07-01,DONGGALA,2638,888,1468,35,453
2026-07-01,MOROWALI,887,562,191,33,276
2026-07-01,MOROWALI UTARA,802,507,139,39,165
2026-07-01,PALU,3286,1013,937,108,632
2026-07-01,PARIGI MOUTONG,3997,2186,1568,76,476
2026-07-01,POSO,1827,1005,590,75,191
2026-07-01,SIGI,3225,1652,1126,256,390
2026-07-01,TOJO UNA-UNA,1089,533,432,70,162
2026-07-01,TOLI-TOLI,1983,1121,533,68,348
2026-07-02,BANGGAI,3937,2287,555,236,604
2026-07-02,BANGGAI KEPULAUAN,1480,768,507,86,218
2026-07-02,BANGGAI LAUT,794,258,459,52,83
2026-07-02,BUOL,1979,837,618,156,325
2026-07-02,DONGGALA,3496,1087,2005,171,518
2026-07-02,MOROWALI,898,534,266,11,240
2026-07-02,MOROWALI UTARA,803,382,285,83,120
2026-07-02,PALU,3118,1327,1044,174,733
2026-07-02,PARIGI MOUTONG,3913,1897,1639,191,421
2026-07-02,POSO,2895,1128,1101,131,162
2026-07-02,SIGI,4118,2271,1360,252,500
2026-07-02,TOJO UNA-UNA,1785,607,724,161,235
2026-07-02,TOLI-TOLI,2314,1163,820,89,355
2026-07-03,BANGGAI,7825,3759,749,189,748
2026-07-03,BANGGAI KEPULAUAN,2261,1026,684,209,329
2026-07-03,BANGGAI LAUT,1891,696,1078,89,173
2026-07-03,BUOL,2372,1209,572,232,356
2026-07-03,DONGGALA,6178,2157,2795,262,778
2026-07-03,MOROWALI,1189,476,400,6,279
2026-07-03,MOROWALI UTARA,1164,625,392,88,179
2026-07-03,PALU,4549,1862,1507,321,1013
2026-07-03,PARIGI MOUTONG,5797,2535,2781,339,631
2026-07-03,POSO,2854,1397,1098,78,217
2026-07-03,SIGI,6281,2724,1848,458,746
2026-07-03,TOJO UNA-UNA,2641,657,648,253,261
2026-07-03,TOLI-TOLI,3871,1765,1353,214,679
2026-07-04,BANGGAI,24,15,5,1,2
2026-07-04,BANGGAI KEPULAUAN,238,122,54,17,119
2026-07-04,BANGGAI LAUT,84,29,47,8,6
2026-07-04,BUOL,278,168,28,1,162
2026-07-04,DONGGALA,591,202,306,15,265
2026-07-04,MOROWALI,1374,652,470,6,418
2026-07-04,MOROWALI UTARA,25,4,19,2,1
2026-07-04,PALU,308,181,65,43,51
2026-07-04,PARIGI MOUTONG,5743,3035,2333,145,654
2026-07-04,POSO,5296,1074,1350,160,277
2026-07-04,SIGI,236,99,94,28,64
2026-07-04,TOJO UNA-UNA,1869,801,740,227,217
2026-07-04,TOLI-TOLI,387,157,128,3,189
2026-07-05,BANGGAI KEPULAUAN,216,117,49,3,121
2026-07-05,BUOL,208,133,16,3,161
2026-07-05,DONGGALA,583,205,301,5,288
2026-07-05,MOROWALI,1334,609,522,43,355
2026-07-05,PARIGI MOUTONG,5606,2779,2408,172,668
2026-07-05,POSO,2498,1048,1142,97,201
2026-07-05,TOJO UNA-UNA,2258,767,679,218,308
2026-07-05,TOLI-TOLI,470,221,181,2,243
2026-07-06,BANGGAI KEPULAUAN,289,145,70,2,170
2026-07-06,BUOL,341,167,57,4,232
2026-07-06,DONGGALA,828,237,443,22,500
2026-07-06,MOROWALI,1703,701,340,22,465
2026-07-06,PARIGI MOUTONG,9809,3756,2733,305,1010
2026-07-06,POSO,3860,1694,1256,150,381
2026-07-06,TOJO UNA-UNA,2051,895,798,169,279
2026-07-06,TOLI-TOLI,617,235,236,3,338
2026-07-07,BANGGAI KEPULAUAN,418,197,118,10,225
2026-07-07,BUOL,450,253,58,12,295
2026-07-07,DONGGALA,869,375,379,10,549
2026-07-07,MOROWALI,2041,1122,537,80,495
2026-07-07,PARIGI MOUTONG,7806,4037,2624,353,948
2026-07-07,POSO,7127,2773,2999,374,608
2026-07-07,TOJO UNA-UNA,2780,1351,814,236,344
2026-07-07,TOLI-TOLI,936,471,296,11,519
2026-07-08,BANGGAI KEPULAUAN,109,62,27,17,57
2026-07-08,BUOL,59,47,6,2,45
2026-07-08,DONGGALA,129,47,74,5,72
2026-07-08,MOROWALI,180,114,44,15,63
2026-07-08,PARIGI MOUTONG,1776,882,709,130,167
2026-07-08,POSO,1049,373,575,74,76
2026-07-08,TOJO UNA-UNA,496,254,162,76,49
2026-07-08,TOLI-TOLI,206,99,100,4,105
