uuid,kode_identitas,kabkot
cfd95fd4-12c0-4ad8-aebd-b7b13ddac7dc,"7201050008200100 - DUMMY - 1",7201
dc439540-aba3-4351-a0c5-c860a3c78d3a,"7201050010200100 - DUMMY - 1",7201
f84c47f8-9bc8-4d04-a7ce-b55712ee9f3e,"7201051001200100 - DUMMY - 1",7201
6dc509db-b877-4d12-9c70-a828e6a07175,"7201060015100100 - DUMMY - 1",7201
81b8a407-0b76-43a1-a6ea-b0ae2b14f705,"7201062004200100 - DUMMY - 1",7201
a08dfed3-b337-4249-8bff-ad69276a7459,"7201061008200100 - DUMMY - 1",7201
6e98b88b-c864-472e-8781-8b468e5b3e72,"7201070013200100 - DUMMY - 1",7201
8a8f777a-2e76-4496-a2d5-250938ede88d,"7201060010100100 - DUMMY - 1",7201
29be0f27-18d9-4854-8276-352c0e8d163b,"7201070016200100 - DUMMY - 1",7201
71486596-dfad-4240-9e09-d9cf7636e120,"7201071002200100 - DUMMY - 1",7201
beec29cf-359b-442b-86c9-efafcaab74fd,"7201071009200100 - DUMMY - 1",7201
5c48ede3-992b-4935-bb17-64358f23cd2e,"7201062002200100 - DUMMY - 1",7201
4c21f6f5-89a1-4d91-b06f-8c2d339221cc,"7201060007100100 - DUMMY - 1",7201
32c1fed7-8cc5-49af-9219-6873ca523ff8,"7201050006200100 - DUMMY - 1",7201
52695e09-df89-4b9c-937f-5aea03d21a3c,"7201031008100100 - DUMMY - 1",7201
0e0d86e4-0af0-4963-8e01-5d3388f32393,"7201050015100100 - DUMMY - 1",7201
26857a10-4a23-4ee1-a857-a95bd576b06c,"7201061006200100 - DUMMY - 1",7201
484ccacb-4814-4edb-807c-06b623b9be58,"7201060005200100 - DUMMY - 1",7201
39226352-0b59-49de-8db7-7747c4a9ed7a,"7201062011200100 - DUMMY - 1",7201
1f12331c-43d0-48bc-a0f6-4a2cdcb4d92c,"7201030016100200 - DUMMY - 1",7201
a4770c17-69aa-4c55-8c58-f0004cd10455,"7201030016100100 - DUMMY - 1",7201
d3777d31-051b-4bed-8275-5e865a6edffb,"7201050001200100 - DUMMY - 1",7201
6feb939e-3a82-421f-be0d-f62ebebdf3c0,"7201061001200100 - DUMMY - 1",7201
94f476cc-2eb3-48e9-9070-8163ad3a2958,"7201042003100100 - DUMMY - 1",7201
acbde9ce-0603-4abc-88e0-a61c405b1af1,"7201060002100100 - DUMMY - 1",7201
ec88bd82-2d76-4012-8dd6-c9500b784cb1,"7201062007200100 - DUMMY - 1",7201
aa0f63de-2d35-4668-ac70-ec12786538c0,"7201060013100100 - DUMMY - 1",7201
66182f73-1b3b-4bd7-be72-d102032e1667,"7201050009200100 - DUMMY - 1",7201
6b1d2459-423a-409e-b7b3-23c59523e85a,"7201060008100100 - DUMMY - 1",7201
ef227fa3-de40-49ad-82dc-9df28eb656c4,"7201070018200200 - DUMMY - 1",7201
8bbd6bb8-e7b6-4581-9f0e-8cf216646d05,"7201061014200100 - DUMMY - 1",7201
99eb98f4-6c74-44cf-b3b3-57cf927ca3ba,"7201061015200100 - DUMMY - 1",7201
1fbc0215-3ecd-4ca9-bdd8-1b72b58616dd,"7201070011200100 - DUMMY - 1",7201
c7f300bb-2552-4fa1-8494-47117995ec51,"7201031007100100 - DUMMY - 1",7201
9b89bada-9046-4ec7-be78-842acf0219d4,"7201050014200100 - DUMMY - 1",7201
c19adf05-50ad-4a05-8089-0c180cb9d3e6,"7201050002200100 - DUMMY - 1",7201
39e5c4d7-2e55-4a69-be60-9249c45e5998,"7201030008100100 - DUMMY - 1",7201
59c3bb03-7d68-4533-8c5c-37d0a2fe8866,"7201030007100100 - DUMMY - 1",7201
69481725-80bb-4708-bccc-020b1dbdfcb2,"7201051010200100 - DUMMY - 1",7201
faa99d89-4d41-4262-8c6e-c7cfce9f3813,"7201060001200100 - DUMMY - 1",7201
9dcec7f8-0fc5-44e0-b61d-0762917f80a4,"7201061003200100 - DUMMY - 1",7201
d6525eba-d134-462b-a31c-404b3097541d,"7201061012200100 - DUMMY - 1",7201
6463ca88-cb74-4e13-a824-2fa7dc28c408,"7201041004100100 - DUMMY - 1",7201
3ab8ce7c-7e77-4b11-814d-c9d9a11d0ef7,"7201061018200100 - DUMMY - 1",7201
edfc8814-0b6e-4744-9daa-3f56579469f4,"7201061020200100 - DUMMY - 1",7201
4943b799-03f6-46fc-913e-eaa9bd74394f,"7201061013200100 - DUMMY - 1",7201
5944d38f-c755-4da6-a7df-f1c6da9a7f14,"7201071003200100 - DUMMY - 1",7201
3cbc8c07-d7be-4b17-99ce-1a5e5a2498ba,"7201050020200100 - DUMMY - 1",7201
4a49c648-cdd4-4880-8039-b2c434e14cdb,"7201050016200100 - DUMMY - 1",7201
811bfb98-1746-4513-a351-ddcc9bbff121,"7201051009200100 - DUMMY - 1",7201
65393f58-f96f-4d5e-919d-470b6f11f449,"7201051002200100 - DUMMY - 1",7201
bf629f9f-eb20-48ac-8e7a-5fdcba35b271,"7201060011200100 - DUMMY - 1",7201
0d532d81-7597-4b6b-bd6f-c61d905891d8,"7201061011200100 - DUMMY - 1",7201
216ba0d4-9b6b-43f4-8ab0-fcf317307c2b,"7201050019200100 - DUMMY - 1",7201
cf3307df-b430-4669-9a6e-d86a6c2d1643,"7201071008200100 - DUMMY - 1",7201
db0f09af-16da-4cc0-bf96-9397dae7c83b,"7201070010200100 - DUMMY - 1",7201
a27eb546-edd3-4d00-a578-1105ea407531,"7201060009100100 - DUMMY - 1",7201
06d652a6-342f-462d-ab19-2e3f90a335b0,"7201070008200100 - DUMMY - 1",7201
655acc4e-f229-4c68-97c2-9a60e7def5a0,"7201031003100100 - DUMMY - 1",7201
626facf3-1e1b-427a-9acf-a5cba2d79dbc,"7201061004200100 - DUMMY - 1",7201
73d27b1d-afc1-4d36-aeea-423772dd6a0f,"7201070012200100 - DUMMY - 1",7201
46d845f7-a81c-4bb0-b68e-5a66c167c319,"7201071006200100 - DUMMY - 1",7201
c577273c-0e76-41f8-9494-7869309985f5,"7201060003200100 - DUMMY - 1",7201
b835055f-095e-48e5-807c-e875b562136f,"7201071005200100 - DUMMY - 1",7201
6ee5b41e-8e19-4f2a-b61a-a234faa24d32,"7201050007200100 - DUMMY - 1",7201
6527878c-dbeb-40c8-b784-38fd2a23a26b,"7201061005200100 - DUMMY - 1",7201
42da1d83-b49f-4225-8f3c-191bbc5a9eab,"7201041009100100 - DUMMY - 1",7201
1c6b1bb5-c49e-4dbd-9260-cd3703f39247,"7201070014200100 - DUMMY - 1",7201
d9f1a8c9-4291-4525-b256-d69c93ded67c,"7201041003100100 - DUMMY - 1",7201
df526cc4-c0f9-4bf3-94d0-a48d04b1a9b3,"7201030014100100 - DUMMY - 1",7201
7fbad0e1-7309-48ea-b750-92f23ea8a0c5,"7201071001100100 - DUMMY - 1",7201
d61d82e6-5da5-4f6d-89cf-14e506d84f95,"7201061016200100 - DUMMY - 1",7201
a42be9bb-aba4-4e93-8879-f5a2c292ec9a,"7201040021100100 - DUMMY - 1",7201
f6be5fea-afa3-4565-979e-f1e265f6c29f,"7201050012200100 - DUMMY - 1",7201
1b64bdd8-1dfc-4c75-91ef-8644c3b536f4,"7201062012200100 - DUMMY - 1",7201
0aaab6e9-9fd6-4a12-b58f-421fe32a4fd5,"7201051011200100 - DUMMY - 1",7201
b479de93-45de-4549-b42a-7383560113aa,"7201030011100100 - DUMMY - 1",7201
fb1e3bda-d2db-42b2-af14-3c48b2be9200,"7201030012100100 - DUMMY - 1",7201
419b82b6-558a-4c19-93a6-b7d2469c604c,"7201050003200100 - DUMMY - 1",7201
20543f04-b9a4-4e88-b12e-8431a868818e,"7201042004200300 - DUMMY - 1",7201
0afb6bad-02f2-4d2b-b4b6-555fe33a6fdd,"7201042004100100 - DUMMY - 1",7201
bda520e3-0138-4421-941e-2fc96f3c6eb7,"7201060006200100 - DUMMY - 1",7201
ec0d34e6-033d-404b-9aee-bf9f813f9dfb,"7201041008100200 - DUMMY - 1",7201
2cc31d40-df36-4e6a-a3e6-f988f1281966,"7201031005100100 - DUMMY - 1",7201
fad108d0-6c4d-42c6-a27c-afed351a5cad,"7202080021100100 - DUMMY - 1",7202
bd0f0263-3141-4672-90df-b7d932b97381,"7202081006100100 - DUMMY - 1",7202
616dc9f6-bf3a-4a85-b746-46560640e5bc,"7202061013100100 - DUMMY - 1",7202
44bd896c-eb00-46d1-80f4-19c16abcf3c2,"7202062003100100 - DUMMY - 1",7202
49442cc1-2af6-4df7-9c69-2a7fb10d496e,"7202054009100100 - DUMMY - 1",7202
e6f2bdf0-a8d9-462a-9aea-d417dd98e17f,"7202062001100100 - DUMMY - 1",7202
c1f3ecbe-943c-45ac-84f6-5ffaa59bc781,"7202081001100100 - DUMMY - 1",7202
7d8384fe-7ab6-4d84-9d0a-610276190245,"7202021004100100 - DUMMY - 1",7202
75a9678e-dcdc-4ee3-b082-f304720b0611,"7202054006100100 - DUMMY - 1",7202
27d5c5a1-ce10-41e4-b592-9aa72a80ac5f,"7202062010100100 - DUMMY - 1",7202
cb001fe2-240b-4a1c-8a94-1de494b7668b,"7202081002100100 - DUMMY - 1",7202
c44dc582-bb33-48ca-a79a-ff5b25e16e26,"7202062002100100 - DUMMY - 1",7202
28117668-b1cb-445f-9ed2-95c09872281a,"7202040002100100 - DUMMY - 1",7202
381ec391-fc15-4808-a2ad-c1c021398f16,"7202040004100100 - DUMMY - 1",7202
d2251a15-9617-4272-af44-c457e43859f9,"7202060042100100 - DUMMY - 1",7202
45df49b9-fac7-4e3b-b892-21f3d8fc9e59,"7202040015100100 - DUMMY - 1",7202
8185f4d6-8216-4e5c-897b-0a989ba2db37,"7202081011100100 - DUMMY - 1",7202
c4410091-bdda-4366-87f5-f9778fe69c01,"7202081004100100 - DUMMY - 1",7202
9e9fa0ce-1818-49e5-9e1f-662866b2daf6,"7202011013000302 - DUMMY - 1",7202
e74e01e6-f3f5-461f-856b-ab128c4b3e8d,"7202062009100100 - DUMMY - 1",7202
c2975994-2987-417d-ac63-ffa99e8027dc,"7202060038100100 - DUMMY - 1",7202
499ce1d8-50e6-4eb4-a7f5-187dbd629f7a,"7202060043100100 - DUMMY - 1",7202
e9d955d6-ce82-46c3-b8bd-a612f9a0dc32,"7202060037100100 - DUMMY - 1",7202
92293514-74fe-4320-a5f2-c50c3ee8e89b,"7202070023100100 - DUMMY - 1",7202
8072dd71-bfb1-4218-8485-742938464cae,"7202081005100100 - DUMMY - 1",7202
437b31b5-dcdc-431a-83b5-7e27cea6bd9b,"7202030033200100 - DUMMY - 1",7202
5797eb35-cd4d-43f6-9e52-2b33d9dabc6e,"7202060029100100 - DUMMY - 1",7202
d5cec7c9-61a0-4465-a006-cb06760ebc64,"7202070010100100 - DUMMY - 1",7202
9ab6d688-2130-4d19-b86d-81ff92f59992,"7202060044100100 - DUMMY - 1",7202
3a69c141-43c3-4ff2-bd29-12e16bdc7a55,"7202030041100100 - DUMMY - 1",7202
df09f1fb-df57-4c54-9756-eb65fd1cd0a5,"7202030041200200 - DUMMY - 1",7202
e6074ea4-08d6-4e54-86ef-26c02f07a718,"7202082002100100 - DUMMY - 1",7202
e465f443-119e-4bb8-b342-7512818cede4,"7202030039100100 - DUMMY - 1",7202
7e9b5b8e-cf97-40f6-b403-2183972dd047,"7202012001100200 - DUMMY - 1",7202
27772cf8-8e51-4ce8-85e0-23cd5c318600,"7202030031100200 - DUMMY - 1",7202
321fcef8-4f04-4a49-9668-b1e0be7dfc5d,"7202030031100100 - DUMMY - 1",7202
f8c8cfdf-8564-4ef1-ab37-0750209d4530,"7202082004100100 - DUMMY - 1",7202
d5b8b4c2-91b6-42d5-8f70-c7180c84983c,"7202082003100100 - DUMMY - 1",7202
0eb186f9-0132-432a-8bd3-ab9989e1f107,"7202070009100100 - DUMMY - 1",7202
c9f05df8-9bdf-4c2f-84ef-be1229c274e0,"7202060022100100 - DUMMY - 1",7202
c19b4caf-c401-46b1-9fbe-ca4a9e201449,"7202030038200300 - DUMMY - 1",7202
db99db35-4390-4a70-a696-4f17e1d15e6b,"7202030038100200 - DUMMY - 1",7202
269bb0b1-0ded-48ec-a8ab-b7eb159bc5c6,"7202060027100100 - DUMMY - 1",7202
10b1fae5-e578-4d60-9e38-7b06f2257af7,"7202030022100100 - DUMMY - 1",7202
68cdd88c-5072-4b56-8d95-c83e2629a4a1,"7202060030100100 - DUMMY - 1",7202
bdc9f38c-acdd-4c90-a9e7-a7fa1933bee9,"7202060033100100 - DUMMY - 1",7202
120532dd-9e50-4de8-9a61-4924d52ced29,"7202082008100100 - DUMMY - 1",7202
332f63f5-3229-491a-8c86-6d7dbebee344,"7202060028100100 - DUMMY - 1",7202
e10507f1-f3cc-4717-8736-21b30662e51d,"7202060034100100 - DUMMY - 1",7202
03e31325-6cc7-4856-bd3d-8eb5f48f6a82,"7202051001200200 - DUMMY - 1",7202
2c32eacb-110e-4d7b-8c72-b502d60b1d18,"7202051001100100 - DUMMY - 1",7202
6e761f1e-94e8-4277-a976-e562cd9cbfa7,"7202030020100200 - DUMMY - 1",7202
72382a96-4e65-4598-9cb9-e623b2faeba8,"7202030020200100 - DUMMY - 1",7202
fb73fd85-9fc5-44c7-b63e-c1790be84275,"7202051011200100 - DUMMY - 1",7202
bbca8004-d5b4-436f-8e6c-5e2c9262bc4d,"7202013007100200 - DUMMY - 1",7202
1e1854bd-0b56-46f7-b63e-d77a3027e5e2,"7202013001200200 - DUMMY - 1",7202
cdb01798-116b-436a-972a-84bcc7d8d1cb,"7202013001100100 - DUMMY - 1",7202
abcc920e-a19a-4336-8957-74c71aea1458,"7202013008100200 - DUMMY - 1",7202
b7b5b7f5-54aa-4cbe-acd8-0209fd41d505,"7202060032100100 - DUMMY - 1",7202
d13bb4aa-2c73-4cb5-8e6c-4b7175ac4636,"7202060025100100 - DUMMY - 1",7202
a0d34022-34d3-4a84-9f39-e7e8bf0fc6d0,"7202060013100100 - DUMMY - 1",7202
5e6b1c96-cc2a-4135-9ce1-a016cca5d642,"7202013006100100 - DUMMY - 1",7202
7d767ea3-b9f3-4bd4-9f32-58e60b62eb1f,"7202010021100100 - DUMMY - 1",7202
596095ed-c65e-4497-a006-c4531abf06d8,"7202010021100200 - DUMMY - 1",7202
81b5dd8e-34b1-452e-9d7b-9c44be72b238,"7202013003200100 - DUMMY - 1",7202
f1ab7876-721c-4437-89e2-afa084ec8608,"7202071006100100 - DUMMY - 1",7202
2fdee275-b130-4914-ae84-f2a39a836344,"7202071006100300 - DUMMY - 1",7202
8c59a2be-7874-4d76-bee4-81b90d4637e1,"7202071006100200 - DUMMY - 1",7202
66aec20e-d22e-47bf-8580-ca1cec405567,"7202013005100200 - DUMMY - 1",7202
f282ec66-f0eb-4eee-a4a3-4674ff17f8e3,"7202051002100100 - DUMMY - 1",7202
a4d8d34e-4a93-4894-8a35-2daffc329658,"7202013002100200 - DUMMY - 1",7202
d30cde1c-f6ff-4167-b160-fe41e8cc8c18,"7202020018200100 - DUMMY - 1",7202
c59c4f13-4791-405a-8296-4c59ae325370,"7202071001100100 - DUMMY - 1",7202
4f356631-eca0-4e41-b6e9-3e123fc37772,"7202060026100100 - DUMMY - 1",7202
b740f2df-9eb4-4839-a4b0-f12cfcd93b74,"7202031018100100 - DUMMY - 1",7202
4405e9b4-9f1e-45db-8a4c-2383626070eb,"7202013009100200 - DUMMY - 1",7202
cd6aa487-0a96-47cf-94cb-e3a640d5cfe5,"7202013009100100 - DUMMY - 1",7202
fb3d4f68-4f3b-4457-bd12-baf0c511c4b9,"7202013009100300 - DUMMY - 1",7202
7f10255f-6e57-47a7-ab09-eef53056f2f1,"7202052005300100 - DUMMY - 1",7202
fb126ba0-3f3e-46fc-9016-792daaf711d4,"7202052010100100 - DUMMY - 1",7202
1670d833-d332-4113-bd75-d03787795cf1,"7202060023200200 - DUMMY - 1",7202
c633e952-e277-4c6b-8842-7dca62cbcf89,"7202060023100100 - DUMMY - 1",7202
f2659d40-1e29-424a-b330-a0466e1d4424,"7202031016200200 - DUMMY - 1",7202
f7effc05-149c-4be1-99e8-388d28594a6a,"7202061011100100 - DUMMY - 1",7202
affbcf6a-883e-489b-b654-64ef7d511c45,"7202061004100100 - DUMMY - 1",7202
8f5302a2-2155-455c-9fbc-8a00f708a3c9,"7202020019200200 - DUMMY - 1",7202
21af77b7-1a65-4ae7-a16d-fcc8071f04e1,"7202010022100100 - DUMMY - 1",7202
80bc1b5f-c88a-42d6-9caa-6e43e00deb88,"7202061010100100 - DUMMY - 1",7202
7d5979fa-e279-4300-b7a8-ff61544443b0,"7202032003100100 - DUMMY - 1",7202
e616b48c-c2ba-48d4-b5da-e04048fdbee9,"7202032003100200 - DUMMY - 1",7202
435ca289-0d69-4620-ba44-d8934655fa7f,"7202010023100100 - DUMMY - 1",7202
7727ebde-a138-45c9-be4a-28ad4d447c44,"7202010045100100 - DUMMY - 1",7202
e3629abe-e54c-475e-ba33-df2f51271767,"7202032004100100 - DUMMY - 1",7202
7e63dfe4-ed9f-4933-a8d6-fef28e05cab4,"7202010048100200 - DUMMY - 1",7202
89988e45-00be-4c14-95c0-aeb6d3ba3826,"7202010048100100 - DUMMY - 1",7202
60ce301e-ed1d-483a-91eb-dcd267ed1622,"7202061017100100 - DUMMY - 1",7202
5fac4b86-8561-4fc2-8411-7212922450ef,"7202032002100100 - DUMMY - 1",7202
8d2355ba-1465-487c-bfb8-9fc90afed696,"7202061021100100 - DUMMY - 1",7202
c0203a8c-dbf0-4927-81fe-6a3bccb53179,"7202080031100100 - DUMMY - 1",7202
19c0497c-9edb-474b-8da0-a52932093825,"7202080017100100 - DUMMY - 1",7202
8e9bcd00-e3c6-42d7-aed2-fa61f667f095,"7202080014100100 - DUMMY - 1",7202
c2b5b5fb-492f-427f-bf26-a69c82c8d78d,"7202032009100100 - DUMMY - 1",7202
55996c7d-0fb4-455f-acd4-a28776b8b798,"7202032009200200 - DUMMY - 1",7202
b775c7a8-262c-421a-8506-15dbccd86553,"7202061015100100 - DUMMY - 1",7202
d0ca7a1b-0b4b-4eca-8cc6-29bc0ceaa0f5,"7202061015100200 - DUMMY - 1",7202
9ba8a4ff-0ec8-4337-b72c-b1cc7b4b0fc0,"7202032005100100 - DUMMY - 1",7202
e9d4f467-7b7f-423c-9716-99fda84e0d7a,"7202080013100100 - DUMMY - 1",7202
9ebda2ff-17c5-4618-839d-446306b4a53b,"7202061016200200 - DUMMY - 1",7202
80a0442a-f321-45f1-b1e1-d31ec751e264,"7202061016100100 - DUMMY - 1",7202
4a9a6c50-7685-467c-b040-855763196448,"7202032011100100 - DUMMY - 1",7202
48efe82a-f683-4805-89b4-968b9d15362d,"7202061012100100 - DUMMY - 1",7202
e340ddd0-f53c-452a-9ea5-eb51228a62a4,"7202061012500500 - DUMMY - 1",7202
1b4b9e8b-1ae5-4fcb-a396-751ce71372a0,"7202061012400400 - DUMMY - 1",7202
4dde020b-2b95-47f1-8709-4d3e2debc762,"7202032010100200 - DUMMY - 1",7202
11f6cede-a963-44d8-8993-502116c0a091,"7202011007100200 - DUMMY - 1",7202
626bec4e-7132-4d77-a0cc-3919db294e55,"7202010026100100 - DUMMY - 1",7202
c4552fea-8057-4992-9b3e-fedececbc965,"7202010026100200 - DUMMY - 1",7202
6c4badd5-8c3e-48ce-9264-11565ae74e7b,"7202080019100100 - DUMMY - 1",7202
e4704e3a-e656-4adb-a166-36df8772160d,"7202032008100100 - DUMMY - 1",7202
a2fccc83-4688-4c88-8160-b44ad0d1c1e6,"7202080016100100 - DUMMY - 1",7202
134ca19f-2a9a-4bef-b1f8-55fa879fb0d0,"7202040008100100 - DUMMY - 1",7202
dd824fc3-6264-405c-8ddb-1a657a2bf557,"7202061018100100 - DUMMY - 1",7202
40182aa3-7708-428f-b5d1-6dc8b32e1685,"7202040009100100 - DUMMY - 1",7202
dbe56d5e-d775-4a5c-9085-b092641538ae,"7202061014400200 - DUMMY - 1",7202
6a81346c-82fd-410e-b52e-e75bd15c51bb,"7202081010100100 - DUMMY - 1",7202
962a3b2b-0bf4-4b1b-9224-550a1daff5da,"7202030021300100 - DUMMY - 1",7202
17728332-f955-46bf-82d2-c52bb8bb0429,"7202030034100100 - DUMMY - 1",7202
c694e901-edfe-454a-80bf-9b197093c7d9,"7204012004100200 - DUMMY - 1",7204
e1e52ff3-949d-4f05-ac28-77cfc1169c67,"7204031007200100 - DUMMY - 1",7204
e2782a97-b3b6-4e25-aae4-1a81557e92d0,"7204051003200200 - DUMMY - 1",7204
99362dbe-78fd-4c6d-8b27-0c4bb7208ef9,"7204051003100100 - DUMMY - 1",7204
907bcf3f-5d34-4b20-9c61-849077411869,"7204030003200200 - DUMMY - 1",7204
130ee80e-5600-4bb3-bd74-5c6d9c1e5e04,"7204030003100100 - DUMMY - 1",7204
696e28e2-5709-48ac-bae2-b7548f18347d,"7204012007100100 - DUMMY - 1",7204
f57a6f80-d55f-4f0a-b910-d1552c57fd1e,"7204010018100200 - DUMMY - 1",7204
b5801a0a-28df-481a-a2dc-0e61eb5ed395,"7204010018200100 - DUMMY - 1",7204
d0d8e567-e55d-4cb2-8b7c-94024b3f791f,"7204020011100100 - DUMMY - 1",7204
3fdb17d1-98f2-4594-9218-eebe6e663847,"7204051008100200 - DUMMY - 1",7204
3d8f3e9e-fb4b-4c6c-bb0e-e46a10ace4ad,"7204051008100100 - DUMMY - 1",7204
14bf36db-3e4a-4661-bb81-bcd93c28d401,"7204060016100100 - DUMMY - 1",7204
9f7e8f79-b997-471e-b007-f44c13dcc6e7,"7204010014100100 - DUMMY - 1",7204
8f5f4a2e-ab01-43be-b176-6ea6ca54e22e,"7204010014100200 - DUMMY - 1",7204
d65df439-b071-4495-b47e-2900d93d5dab,"7204030032100100 - DUMMY - 1",7204
52637a84-8ae3-416b-9a9c-532d42538515,"7204071003200100 - DUMMY - 1",7204
3fbf1561-d965-4ef7-8fe4-6a4cfb5f50cb,"7204052009600100 - DUMMY - 1",7204
2913ee2b-4949-4dac-aecb-798aa47ae33e,"7204052009100200 - DUMMY - 1",7204
847eb800-392b-4c7f-8c65-e3442a968023,"7204051009100100 - DUMMY - 1",7204
5ee19df5-3404-42fe-a15f-07485108401e,"7204010016100100 - DUMMY - 1",7204
00d9ef83-227b-4fb3-81a3-56edf0271b3f,"7204012003200100 - DUMMY - 1",7204
e8c44b1c-3b9e-45d9-b550-f79d85695ece,"7204012003100200 - DUMMY - 1",7204
d684605d-7a81-4d50-9218-5a6ba7ee8ec5,"7204021004600200 - DUMMY - 1",7204
50d9ca69-6975-4148-8ab5-570d46dc1725,"7204050008100200 - DUMMY - 1",7204
c9cedbd9-766a-4784-b00b-670a23d1e399,"7204040017100100 - DUMMY - 1",7204
eca8a923-5deb-48a2-a2e6-e243cbeab0f4,"7204040017200200 - DUMMY - 1",7204
d2ed5e49-4f30-40a6-9022-4e91450f28ac,"7204012009100100 - DUMMY - 1",7204
ebd408ef-f6b3-4a71-8344-ee3823748f1f,"7204012009100300 - DUMMY - 1",7204
b13d5826-901d-4f19-bb2a-d6e105e1409c,"7204051005100200 - DUMMY - 1",7204
4d8b6773-a651-46e0-8f12-efa32e20d186,"7204060015100100 - DUMMY - 1",7204
614a8e9e-5c9a-4985-8f3d-b21fa86d4173,"7204060005100100 - DUMMY - 1",7204
9fbaf6a2-9444-4d6d-b59d-1ddc98479220,"7204012008100100 - DUMMY - 1",7204
512f332b-47d4-4873-98ec-91215e5e75b9,"7204042005200100 - DUMMY - 1",7204
c9af249a-6a4d-4ae3-bb17-f4a71e112b50,"7204042005200200 - DUMMY - 1",7204
4551a8de-a001-40f0-98d4-96067d94e5a8,"7204051002100100 - DUMMY - 1",7204
e64489fa-1377-4215-83f0-d47a24f927dc,"7204021001200400 - DUMMY - 1",7204
cd27baea-9539-450c-85be-903ab636271a,"7204021001100200 - DUMMY - 1",7204
fe8d13e7-9396-4677-a1d5-6cccbd3a3a78,"7204021001100100 - DUMMY - 1",7204
6a9a680b-e4d3-4036-beba-eb506f3dfa27,"7204032005200200 - DUMMY - 1",7204
3151207b-43aa-4e89-b9d4-e9cdfb7247c7,"7204032005100100 - DUMMY - 1",7204
f55a9596-7e56-4588-a306-15856713b109,"7204010002100100 - DUMMY - 1",7204
b83827ba-d031-46ae-a4c0-be2c088b31e9,"7204010002100300 - DUMMY - 1",7204
af705151-699f-4d47-9a98-6039c30f0765,"7204010002100200 - DUMMY - 1",7204
55957dc6-640a-4b8d-94ca-510326da2ee6,"7204040009200100 - DUMMY - 1",7204
fafa2fa2-4e89-4e34-b0ae-75d6608a1d64,"7204040009100200 - DUMMY - 1",7204
90f17ee7-a8dc-4a20-b4ed-257e49c36091,"7204051006100100 - DUMMY - 1",7204
e8c97ec1-5e2a-44af-b4d2-b60dc724d09f,"7204031003100200 - DUMMY - 1",7204
0aa430d2-f626-47d6-b079-88a500b65ad4,"7204021003100100 - DUMMY - 1",7204
7e36e87d-601d-4d11-963c-da508c4ef974,"7204021003200200 - DUMMY - 1",7204
bf34ffd2-f68f-4574-811a-60985c230938,"7204012002100200 - DUMMY - 1",7204
b1e7075f-6290-422d-8e78-a959aadc993b,"7204012002100100 - DUMMY - 1",7204
d54322e5-7239-4e18-a0dc-cdc580d92015,"7204031008200200 - DUMMY - 1",7204
806b4782-c4b2-428d-adee-582b495c1cba,"7204031008100100 - DUMMY - 1",7204
a329176e-40ab-400e-a362-8943e9ac1329,"7204012005100100 - DUMMY - 1",7204
e666ec8c-bb8b-4b86-a5ae-d25589c6f650,"7204012005100200 - DUMMY - 1",7204
d6387a9f-e671-4d83-b3fb-624e182b5cb5,"7204031001200100 - DUMMY - 1",7204
3efdc53e-3735-4c4a-9b6a-5dcd57cf56f5,"7204021006200300 - DUMMY - 1",7204
12362e04-de83-4468-979c-131e3ec3f4e8,"7204021006100200 - DUMMY - 1",7204
9eff8d85-55c3-4bc3-869c-f81e7707990b,"7204021006100100 - DUMMY - 1",7204
30db2c36-5408-4ed6-b12a-4a8e730c83b4,"7204010019200100 - DUMMY - 1",7204
b426e508-5eab-410c-9157-9ce780796f87,"7204010019200200 - DUMMY - 1",7204
085b08c7-d00b-446e-ae8e-9ca557e96963,"7204010019100300 - DUMMY - 1",7204
5b65daac-ef9a-4f5e-b7cd-673b7a22e210,"7204032009200200 - DUMMY - 1",7204
c7943277-b66e-4c7d-ac58-c369fff8f852,"7204060011100300 - DUMMY - 1",7204
fb4c6fdf-a12a-4e0d-8684-a3e04d02509c,"7204060011100100 - DUMMY - 1",7204
6e3ba6b5-1628-497d-a7df-456a0653511e,"7204060011100400 - DUMMY - 1",7204
c3cb9dd3-7991-46e7-bb7d-2098ec339c40,"7204072004200100 - DUMMY - 1",7204
2676d150-c996-4478-8858-110f4355f0df,"7204052010100100 - DUMMY - 1",7204
627cd9c2-7b65-4847-a1d7-b8766777b873,"7204052010200200 - DUMMY - 1",7204
37f20ae4-286e-4535-87d2-52a2b65d2abd,"7204060010100200 - DUMMY - 1",7204
5d8d2058-398b-4888-be70-02f1a4d43232,"7204031013100200 - DUMMY - 1",7204
bfc98f49-611e-45fe-8914-e3b2875a2f23,"7204031013200100 - DUMMY - 1",7204
3ac6f496-95e5-48bc-8cae-ab8c19f0476c,"7204021005200300 - DUMMY - 1",7204
61f6ba59-8c83-46ce-b939-e48bea83e470,"7204021005100200 - DUMMY - 1",7204
5f68e60e-c986-4b0d-b1fe-f7f843424c9c,"7204010017200200 - DUMMY - 1",7204
e19d6e63-e398-454d-a9dc-466645ed91e7,"7204010020200200 - DUMMY - 1",7204
d5e51cc7-1155-4233-a15d-255a814f952e,"7204010020100100 - DUMMY - 1",7204
f4f75d0f-345d-4fe2-a277-9e3b649fe0e7,"7204010003100200 - DUMMY - 1",7204
7f9083b6-954a-49ef-824f-4b8adcf9a449,"7204010003100100 - DUMMY - 1",7204
a4049ddc-9536-46dd-acc6-ad8b98199f08,"7204043005200200 - DUMMY - 1",7204
ace9b274-b014-46b9-8500-2ce7bf371f3a,"7204043005100100 - DUMMY - 1",7204
a0d9692f-e7bc-4a11-85a6-52f489c5cd68,"7204072001200200 - DUMMY - 1",7204
cef8d19e-9cc1-4514-ad78-76b3cf69ba2a,"7204012006200200 - DUMMY - 1",7204
ade909fe-ed33-403f-a106-ac6f164081bd,"7204012006200100 - DUMMY - 1",7204
c3ab7fca-ba85-4479-a290-33a619f04b56,"7204041007100100 - DUMMY - 1",7204
980386b6-8cc6-4dee-9fb9-6f68124663e5,"7204052003100100 - DUMMY - 1",7204
eba41c4c-a0dc-447f-a26e-af6d77827d73,"7204052003100300 - DUMMY - 1",7204
c38756b6-2c58-4380-b59a-2dc2b49ca2e7,"7204052003200200 - DUMMY - 1",7204
5e62b33e-8b53-4841-89b8-0f669a5174b8,"7204041006100200 - DUMMY - 1",7204
d181a8e6-c0a0-471b-8d4f-1824b514e6b3,"7204041006200300 - DUMMY - 1",7204
0677cce3-f274-4147-b517-e8a9f4dd0def,"7204060007100100 - DUMMY - 1",7204
f2f1ad0e-0857-4852-a278-9b65b59d474d,"7204041005100200 - DUMMY - 1",7204
5b3a41d3-c365-404a-be05-6ef044b9e4d2,"7204041005200100 - DUMMY - 1",7204
55387b67-12dc-4f55-8687-e8f7acd22fbd,"7204041005000600 - DUMMY - 1",7204
f47345dc-8c66-4776-9df2-22688fc84967,"7204043002200100 - DUMMY - 1",7204
217a80b1-a450-4e65-834b-7b0b7bcbd45d,"7204043002100200 - DUMMY - 1",7204
78cc02fb-a673-4a4a-a928-405695c8cbd3,"7204043002100300 - DUMMY - 1",7204
67213ef0-5c7d-4e0c-8de9-95b530244bb0,"7204020008100100 - DUMMY - 1",7204
595c23af-5c03-41b1-aa89-1cb049889b2d,"7204052001100100 - DUMMY - 1",7204
03fd9201-3f86-4b5c-ad68-b95f899f703c,"7204032001100100 - DUMMY - 1",7204
ba9b415e-881d-44c4-a22b-46b64bed5d97,"7204032001100300 - DUMMY - 1",7204
f93d9b88-f6d8-4c64-9fb4-0603889b8fd7,"7204050012200200 - DUMMY - 1",7204
fe214da7-3525-4f7a-a5d8-63190dc2ee57,"7204050012200100 - DUMMY - 1",7204
cf7faae0-40c7-4048-b5b3-a7b9d96956b9,"7204032010100100 - DUMMY - 1",7204
fc728d6b-3ee0-47fe-94da-4c3eba9ab568,"7204052005100100 - DUMMY - 1",7204
9c14d376-5adf-4e20-a1df-7a52a5a27719,"7204052005100300 - DUMMY - 1",7204
e3527cbf-5b20-4b5c-8362-dc739f31e04e,"7204052005100200 - DUMMY - 1",7204
e2cc0767-bce6-4f58-bd9d-d8fb298c427f,"7204011003100400 - DUMMY - 1",7204
b63511fa-1356-4561-90b3-331cb6533ede,"7204011003100200 - DUMMY - 1",7204
4ee2231d-424f-4821-9ba7-8a9b7112e5ce,"7204011003100100 - DUMMY - 1",7204
a8a7daa6-31e0-4943-ac6d-a18224a0b1b0,"7204043004200100 - DUMMY - 1",7204
007aa105-edc6-40fd-87df-9a51b5859a23,"7204041008200100 - DUMMY - 1",7204
c0bedbdd-422d-47d2-8a24-4242dd77b575,"7204010021200100 - DUMMY - 1",7204
28a4ee85-c7bc-482a-815e-ef60919cf4c5,"7204020014100200 - DUMMY - 1",7204
0a528d64-7695-4c59-8b1b-5ca4521cac80,"7204050006100100 - DUMMY - 1",7204
d43c61d5-cbf8-499f-9a38-ac9642fd1aad,"7204050006100200 - DUMMY - 1",7204
b4543e23-0e16-4251-9d20-f703358bdf5b,"7204011004100200 - DUMMY - 1",7204
274bf934-8edf-43ef-913c-256447b34b65,"7204011004100100 - DUMMY - 1",7204
5c66c0a0-3604-43aa-ab3e-b73cddac9d15,"7204052007100200 - DUMMY - 1",7204
ce277d0e-1f7c-4127-9c8f-b23f11add131,"7204052007600100 - DUMMY - 1",7204
ff517560-e93b-4057-9de2-30e33079ffe2,"7204030002200100 - DUMMY - 1",7204
cf6fee8b-9e47-43df-b067-3960803271c9,"7204071007200100 - DUMMY - 1",7204
0610828d-87fb-406a-bd0d-ec2d0e76c9b5,"7204041003200200 - DUMMY - 1",7204
d61e04a9-14df-4bd9-9879-8d0c9a0c85c0,"7204060014100100 - DUMMY - 1",7204
509519f5-a1ed-44ee-b89f-d300ebf2aa90,"7204051001200200 - DUMMY - 1",7204
5f16aad3-2f24-4fcd-91f0-4b92a1fa635c,"7204051001100100 - DUMMY - 1",7204
5b292da8-c67c-49a2-a63b-394f1594663a,"7204032007100100 - DUMMY - 1",7204
f45d1410-0331-45d3-b07f-516b3cf22457,"7204032007200400 - DUMMY - 1",7204
4b32cef7-43ae-4fc9-a265-643b087a2c74,"7204032007100300 - DUMMY - 1",7204
2259d062-4d94-454e-adca-eaaace70bad2,"7204032007100200 - DUMMY - 1",7204
eaeb68a2-8888-4336-bfc0-26041228459f,"7204052008100100 - DUMMY - 1",7204
44cbec88-2951-4f57-8cfb-c4c7b40e61e3,"7204052008100200 - DUMMY - 1",7204
df871112-efb9-485d-a11e-6f7afef1b198,"7204060004100100 - DUMMY - 1",7204
f5ec5c2c-92b2-458c-a07c-e81339a6e7cf,"7204041001200200 - DUMMY - 1",7204
997da08e-a0a3-4dc9-979a-3fdc63495398,"7204050007200200 - DUMMY - 1",7204
44fc86dd-836c-4b33-a3d2-a57608520ca0,"7204050001100100 - DUMMY - 1",7204
bb830d81-d8c3-4d50-8d9d-f0e6df84a9d1,"7204052004600200 - DUMMY - 1",7204
a1b77fe3-042d-4545-9e3b-df2e75f34c75,"7204052004100100 - DUMMY - 1",7204
bdfda23c-26c6-4b0e-837f-3c08f88088c8,"7204020009100200 - DUMMY - 1",7204
9f58bac8-8082-49be-97ee-69e80945a17b,"7204030031100100 - DUMMY - 1",7204
1429bc69-3c65-43dd-8ebc-26afe860e34f,"7204030031200200 - DUMMY - 1",7204
783e79a1-c8c1-437d-995d-2d1a9102fc96,"7204031009100200 - DUMMY - 1",7204
8f3b3cc0-b6f5-43bb-95c2-bfb1c3ea630f,"7204041002100100 - DUMMY - 1",7204
b3cff295-ff2f-4e3c-8c3f-1b2f8ee5efdb,"7204041002100200 - DUMMY - 1",7204
787a6070-e7e0-43f0-856d-47643ee7d74e,"7204011002100100 - DUMMY - 1",7204
6b6f0579-9c7f-4e5c-b0a9-29b3efd44ddc,"7204011002100200 - DUMMY - 1",7204
30e978de-ee89-424a-b311-f7cbabe0477a,"7204051007100200 - DUMMY - 1",7204
a28afd3a-3b65-4f87-89be-67d4f185411d,"7204051007100100 - DUMMY - 1",7204
bb220e9b-4b54-48ab-bd08-6549eff85c55,"7204011005100200 - DUMMY - 1",7204
c4cf5b0a-4deb-4bfa-8957-34056a973cfe,"7204011005100300 - DUMMY - 1",7204
7920a399-4fa2-4f5c-9305-a63a8a69574f,"7204011005100100 - DUMMY - 1",7204
49d0e822-2d76-4769-83a9-f9a591539edf,"7204051004200200 - DUMMY - 1",7204
59da4be1-bd19-4b50-a471-dab453b06b4d,"7204040019100100 - DUMMY - 1",7204
d63f47fe-c347-4d00-94c5-c3bf3499031e,"7204040019100200 - DUMMY - 1",7204
3eb219a2-44c8-43d0-ae6c-f3aed6568f91,"7204060009200200 - DUMMY - 1",7204
d4ab8935-822f-4646-838a-cad3e3b105cc,"7204060009100100 - DUMMY - 1",7204
5433a7c7-cb48-4fb4-8532-a71b58e71f62,"7204042002100100 - DUMMY - 1",7204
e0fac0b5-e5b1-475e-aba8-cfb08cc6748e,"7204042003100100 - DUMMY - 1",7204
e52edcdf-61bb-4735-bc27-e5ad86c0c053,"7204042003100200 - DUMMY - 1",7204
a3e43f26-7b65-41e9-8c07-6d2bd268e9ab,"7204060003100100 - DUMMY - 1",7204
fd37aa9b-7e48-4d06-af76-25cf433aeac7,"7204060003100200 - DUMMY - 1",7204
1fac7573-a8c2-4f27-bfd2-61c918d41589,"7204040018100100 - DUMMY - 1",7204
123f0aaa-78ba-406e-a496-2d62c798872a,"7204040018100200 - DUMMY - 1",7204
d013ddfe-f68a-4e7a-8138-2d49d99364d7,"7204060012100300 - DUMMY - 1",7204
e751092f-5c57-449f-a0fd-34c2b4e1ed76,"7204042004100100 - DUMMY - 1",7204
8360ff65-1a15-4314-a038-57d642ad3232,"7204042004100200 - DUMMY - 1",7204
40774558-7dcd-411d-a65c-68427ac27e54,"7204072002100100 - DUMMY - 1",7204
cd31f8ea-3888-4f9e-ac85-ead29766f8f6,"7204012001100200 - DUMMY - 1",7204
c6092ee8-938a-44fd-9482-e70506b49d85,"7204010001100200 - DUMMY - 1",7204
b588faf4-2c32-4976-b2c6-cce78334fe4b,"7204060013100100 - DUMMY - 1",7204
cbfa830d-9412-4fbc-9eb4-2a0269a31d8d,"7204052006100100 - DUMMY - 1",7204
670a87fd-1435-4f61-b065-eadf8d593962,"7204052006100200 - DUMMY - 1",7204
5316f5dc-13da-445d-89d8-cd99c01de2f3,"7204032006100300 - DUMMY - 1",7204
dee28f21-79de-4327-ad4b-6acf2fbd30d6,"7204032006200200 - DUMMY - 1",7204
665b350d-2d44-4ea5-a49d-515ca4aac34c,"7204043003200200 - DUMMY - 1",7204
7864346e-ed32-4940-bc50-66c0b6ff7c8f,"7204043003200100 - DUMMY - 1",7204
961db1e4-5687-4fbf-9077-9aefca4099b0,"7204032002100200 - DUMMY - 1",7204
afa804fe-3af0-440c-8fcc-3839bcc51d51,"7204032002100300 - DUMMY - 1",7204
ce2b39c5-9b3d-499d-a607-8edd6c5049d8,"7204032003100200 - DUMMY - 1",7204
a7cefb23-9453-45dc-9517-ff08b5917555,"7204030005100100 - DUMMY - 1",7204
e65a2ae9-db96-49c3-84da-a430f6b71fb0,"7204010015100200 - DUMMY - 1",7204
cfc202ea-3428-40de-8b65-fcd2c1dc2dce,"7204010015100100 - DUMMY - 1",7204
22576598-16bb-4eba-9f21-3835d456debf,"7205101002100200 - DUMMY - 1",7205
5aee3808-39c5-4bab-ac77-21c3641b978a,"7205081018000202 - DUMMY - 1",7205
9391c99d-53f3-4374-b9ed-7ad6411b9040,"7205131001000302 - DUMMY - 1",7205
2e4ca7b7-3e3c-4f03-ad44-1b7da3741b1d,"7205051006000400 - DUMMY - 1",7205
00a10724-8d03-4df3-bff9-440930d8cf80,"7205051006000100 - DUMMY - 1",7205
51a253fc-284f-45d6-88fd-0e49ffcaa860,"7205131007000303 - DUMMY - 1",7205
214d8892-a0be-4baf-a636-64fe6fe89993,"7205131007000302 - DUMMY - 1",7205
c4ffa05f-aab7-4616-9747-f231fa57ef42,"7205051003000900 - DUMMY - 1",7205
d499e791-3758-4eb7-a7f5-839dafa2483b,"7205051003001300 - DUMMY - 1",7205
05bbc2bb-3048-4f51-971c-6fd0f2b00ab5,"7205051003001000 - DUMMY - 1",7205
590da445-b451-47a3-adab-dcdfe620da7e,"7205131003000302 - DUMMY - 1",7205
3b8c84b1-f062-46bc-86ee-893aa758fd63,"7205100003000403 - DUMMY - 1",7205
6a0763c2-d8bf-4909-bfed-3740c96abf47,"7205101001000103 - DUMMY - 1",7205
df5fe273-d4ef-4bed-ac6b-c89b79ebfb40,"7205080021001002 - DUMMY - 4",7205
a6051224-b793-4399-9cd9-872f5bfe64ec,"7205080021001002 - DUMMY - 2",7205
7f771611-5dab-47e8-968f-dff558e9783f,"7205080021001002 - DUMMY - 5",7205
6791aeb2-0ffb-4cb9-8304-ca48e25b182d,"7205080021001002 - DUMMY - 8",7205
3abe1c52-1323-46f2-bfcb-167923462536,"7205080021001002 - DUMMY - 10",7205
36f03f49-d1d8-45f7-a7cb-c22e0a6a28d8,"7205080021001002 - DUMMY - 9",7205
2b3dc07e-db9c-42fc-9714-0148458a0302,"7205080021001002 - DUMMY - 3",7205
1f5c0bf5-f7a8-483d-9d82-1a15080de36d,"7205080021001002 - DUMMY - 6",7205
0bc26804-b88e-4f62-893a-baee07a6c9ea,"7205080021001002 - DUMMY - 7",7205
dc47bc04-66c5-4fac-9208-5105639b7af1,"7205051007000900 - DUMMY - 1",7205
2014849f-6945-44ba-814a-96c9fedb413a,"7205051007000800 - DUMMY - 1",7205
e9a4ef5a-7eb9-4702-86c3-c7ab07e0b382,"7205051007000400 - DUMMY - 1",7205
defad766-0e2e-4add-821b-63b0fbbf43c1,"7205051007000300 - DUMMY - 1",7205
16068f96-7c95-4420-8ba9-a30a596a9ab8,"7205131008000502 - DUMMY - 1",7205
d9f85d05-2ac0-479c-92ad-7f353967453d,"7205091002200200 - DUMMY - 1",7205
0118731c-a28e-47fc-af43-3661208084cb,"7206010006100100 - DUMMY - 1",7206
370a96ed-900a-409a-ab02-b1fa6127b616,"7206032008200100 - DUMMY - 1",7206
f656889a-e072-4441-b8e2-f7bb9d5dff93,"7206041006100100 - DUMMY - 1",7206
f58211de-8cf2-4b80-a464-f2f19deb7ea5,"7206030006100100 - DUMMY - 1",7206
1df51f62-5122-42b8-b4b9-f637aad0f86f,"7206030001200100 - DUMMY - 1",7206
56ea0378-30bf-4429-82dd-b70b384298b7,"7206040021200100 - DUMMY - 1",7206
c803f088-2c18-4d9e-a801-fcd3b6352b82,"7206040021200200 - DUMMY - 1",7206
2e75240d-8d79-40c2-b48e-638d4d6bd54f,"7206032005200100 - DUMMY - 1",7206
f247ca36-dc82-4d27-a773-69f60990b330,"7206032007200200 - DUMMY - 1",7206
473746fb-caf8-4ee5-a412-de791f952bd7,"7206032007200100 - DUMMY - 1",7206
2c648af3-6d7d-4fc7-8c42-72652b53a6ee,"7206030005100100 - DUMMY - 1",7206
8154a0b4-dc9f-4cef-8806-1c1a7d1454f4,"7206060005200100 - DUMMY - 1",7206
fb91149e-5b00-4e93-98b4-e44a8c62894d,"7206032003200200 - DUMMY - 1",7206
b8ca4b72-e74d-40bf-b50f-764ab4bfca9f,"7206032003200100 - DUMMY - 1",7206
d899ba90-e6ab-48e1-ad8b-73967aba0e5d,"7206031002200100 - DUMMY - 1",7206
f51b4303-5084-46f3-85a5-bddffbe05f3c,"7206040020200100 - DUMMY - 1",7206
6bd1935e-f523-4d26-92c0-d0d7002be655,"7206020006200100 - DUMMY - 1",7206
bb2f6fba-adba-47c7-bc00-f6d58665b281,"7206032004200200 - DUMMY - 1",7206
71631c21-5f36-4929-b5d1-91a4e4e1c01b,"7206032004200100 - DUMMY - 1",7206
cc7a8129-2918-4ac3-98d5-e126d71f9f97,"7206010009200100 - DUMMY - 1",7206
85dc587d-30e7-4de2-ad4a-f148d9828bcf,"7206060009200200 - DUMMY - 1",7206
418c2653-dadb-4270-ba5c-3ac36a3dcf23,"7206060009100100 - DUMMY - 1",7206
027df915-5ee7-43c2-9407-fff75ed157e2,"7206030004200100 - DUMMY - 1",7206
318aec81-4234-4dde-8398-9e355cb3d47b,"7206041001200200 - DUMMY - 1",7206
cd0be339-5016-4fc4-940c-41c2d7f131b4,"7206041002200100 - DUMMY - 1",7206
7ac468fa-24b4-444d-8561-aa1efb1112c1,"7206041002200200 - DUMMY - 1",7206
336bbe6e-814e-4696-96df-4e319b5cd223,"7206030011200100 - DUMMY - 1",7206
51d0dc20-7aba-4a34-856f-3e29cb5012ac,"7206030017200100 - DUMMY - 1",7206
c0eb7839-b8fb-436b-96c5-9b928735c636,"7206032006200200 - DUMMY - 1",7206
45102846-f9af-4bf5-9bf0-a9b501bdf08a,"7206032006200100 - DUMMY - 1",7206
4a8c6fd9-a6b7-457d-a5e6-c74efbf839d0,"7206060008100100 - DUMMY - 1",7206
b943beaa-e762-4844-bfa7-2ccd4790230b,"7206031006100100 - DUMMY - 1",7206
4169116a-b848-43dc-b1b2-78774282e2fc,"7206020003100100 - DUMMY - 1",7206
b58a308f-eb53-44b6-b969-c8473c8ee9a5,"7206031010100100 - DUMMY - 1",7206
b3f09ef0-9004-4414-88f5-ee1117711819,"7206060013100100 - DUMMY - 1",7206
37f7c0cd-6a10-4253-b6ff-f07d6c46c19f,"7206031001200100 - DUMMY - 1",7206
8442f4c4-2f8b-4c4c-962c-51caaadd5894,"7206031003100100 - DUMMY - 1",7206
cd973f35-6ff9-440d-819c-aa6eb95c1b6d,"7206032001200200 - DUMMY - 1",7206
e47ec6d5-9771-46a5-a820-3aa94d9e80ca,"7206032001200100 - DUMMY - 1",7206
1e36c9e2-88ea-49a4-9144-501f43ab8380,"7206032010200100 - DUMMY - 1",7206
104ec34b-3ed7-4988-b504-ff118da71ba3,"7206010005200100 - DUMMY - 1",7206
bcf993fe-af8c-4555-ab74-4a11d7bfde23,"7206031004200200 - DUMMY - 1",7206
0bec6224-aa88-4a5a-aea9-19201a84dae8,"7206020004200100 - DUMMY - 1",7206
bcdbc3b0-78da-4b2a-9d99-28324517d9a0,"7206020001100100 - DUMMY - 1",7206
7e5116be-96a2-42f6-86f7-e8b93f8afd70,"7206060011100100 - DUMMY - 1",7206
e0bb9bb8-49ea-486a-a53a-4092a6bcf583,"7206030013200100 - DUMMY - 1",7206
1c1a8803-1eef-449e-ab6a-ca168a67d47a,"7206010010100100 - DUMMY - 1",7206
9bc54b56-58fc-4104-a260-65ba464f7ed9,"7206020009200100 - DUMMY - 1",7206
2ff707b1-6259-463b-a93c-faba694cf375,"7206041007100100 - DUMMY - 1",7206
9b9bf078-6a1a-471e-b894-33298ba6f0ab,"7206041007100200 - DUMMY - 1",7206
4daeaaba-5a51-4992-9340-40cac6a9116b,"7206031005200100 - DUMMY - 1",7206
7741faaa-099f-4d8f-8f4d-4b8981860a1c,"7206050013200100 - DUMMY - 1",7206
4c212f01-172e-4030-b806-f6c62df4992d,"7206031008100100 - DUMMY - 1",7206
d43f67b1-3cc1-4664-8d82-86011681c02f,"7206041004200200 - DUMMY - 1",7206
db3130f9-2862-47f0-93ee-b0c4ae7dfef9,"7206041004200100 - DUMMY - 1",7206
c4ac4375-13ec-493d-ae81-18718d506619,"7206010011100100 - DUMMY - 1",7206
48456015-27ee-4816-adee-f0c34f216e4a,"7206061003100100 - DUMMY - 1",7206
3405d670-7238-4992-8d6f-65b7394d3ca1,"7206020012200100 - DUMMY - 1",7206
c2d80b8d-7da3-46ee-8eab-7af61e8b9865,"7206031009100100 - DUMMY - 1",7206
c0437303-58ad-47d2-b723-59d445068687,"7206010007200100 - DUMMY - 1",7206
5d89b22a-6754-4820-b1ec-907d67c15cd5,"7206020011200100 - DUMMY - 1",7206
e2fe11a7-728e-466a-9e29-ec27849e78f7,"7206030016200100 - DUMMY - 1",7206
f3f3c713-0b52-4bec-94fe-a24e1b23538c,"7206041005200300 - DUMMY - 1",7206
5500db1e-410c-4889-b68c-1c7d4d4b2995,"7206041005200200 - DUMMY - 1",7206
32dd9e1f-6efc-4818-9f13-e6892394eb89,"7206041008200200 - DUMMY - 1",7206
2a4639cb-27c4-46a0-85ca-2fb775f5c56d,"7206010008200100 - DUMMY - 1",7206
5a1c559f-40d9-4250-b821-e29dfe916ab7,"7206060012100200 - DUMMY - 1",7206
140b9de4-8eea-492e-8e11-bf0ca6b31492,"7206060012100100 - DUMMY - 1",7206
fe3b21ca-5751-48c9-93a2-4268a7106d7c,"7206061002100200 - DUMMY - 1",7206
3507c17c-9892-493a-8661-0c001eb261f7,"7206061002100100 - DUMMY - 1",7206
d4e2a474-645c-4e64-b5cc-576fd73b699f,"7206061001100100 - DUMMY - 1",7206
be1d7271-0e58-46e5-9fef-e8fd221c98f9,"7206061004100100 - DUMMY - 1",7206
62ca0a46-3cb8-42c5-8bfb-1e8316f32a61,"7206010004100100 - DUMMY - 1",7206
f66a2be4-17da-47b8-bba6-6f6a008531f7,"7206030007200100 - DUMMY - 1",7206
20c062cc-5872-434c-bc3c-501c2798864b,"7206060007200200 - DUMMY - 1",7206
abeb881a-ac11-4211-baf4-d355e6331dfb,"7206040013200100 - DUMMY - 1",7206
26f83090-c28f-4e83-a8fc-c5e6c1021604,"7206050012200100 - DUMMY - 1",7206
49006f58-374f-48f7-bcc2-1b7b5305820e,"7206010012200100 - DUMMY - 1",7206
7aac905f-abd6-4e7b-b12a-3c25d354017f,"7206030009200100 - DUMMY - 1",7206
e4ddc034-2881-4d31-a7ae-19c9390c19f3,"7206032002200200 - DUMMY - 1",7206
301c9e84-759a-4021-b6da-fcd7584ece65,"7206032002200300 - DUMMY - 1",7206
64139ab7-a8eb-4418-9aee-27107c8b0aad,"7206032002200100 - DUMMY - 1",7206
62c3e23d-9443-44f3-828e-2c4890fa6cc5,"7206030012200100 - DUMMY - 1",7206
de62b69a-5029-4de6-b102-5330f59a43ec,"7206040012200100 - DUMMY - 1",7206
dc46f9b8-9f20-4adb-a87e-c6e91732c226,"7206020002100100 - DUMMY - 1",7206
2b5d14bf-45b2-4253-823c-6597ba0c8521,"7206030002200100 - DUMMY - 1",7206
023dd5e1-9845-4401-a8a1-5376e44d2c18,"7206010001200100 - DUMMY - 1",7206
b022bc33-f9ef-431c-8324-3025b679aa5a,"7207030009100100 - DUMMY - 1",7207
351639df-08db-4f95-bbe7-71d37903315b,"7207030009100200 - DUMMY - 1",7207
fc20dd1e-7aea-415f-a5fc-b2663513c853,"7207031013200100 - DUMMY - 1",7207
ce425043-7573-4a1e-8322-fbee99ffafbb,"7207040003100100 - DUMMY - 1",7207
93824c50-2703-4223-9459-0cc56b6f7267,"7207051006100100 - DUMMY - 1",7207
68bfce84-9064-4af6-a9fe-a79852a4fa11,"7207020013100100 - DUMMY - 1",7207
81607bb6-0f5d-44a7-a1ee-789fb858d627,"7207020013200300 - DUMMY - 1",7207
c8129339-04ab-46c8-b902-ef525c9009b3,"7207041005100200 - DUMMY - 1",7207
dfed1f17-2b33-40c7-a7c9-9b7d15b8afb6,"7207041005600100 - DUMMY - 1",7207
f6a4e595-610a-4804-964b-b80b58ddca90,"7207041005100300 - DUMMY - 1",7207
4b4fd5f2-dbd7-4d84-8749-94e3411ab52a,"7207020021100100 - DUMMY - 1",7207
b3640be4-836f-4717-860c-b7a31c48185f,"7207012002100100 - DUMMY - 1",7207
c92ab333-c23f-4f68-9834-f4fcfcefd338,"7207012002200200 - DUMMY - 1",7207
70bf976f-09b4-471f-a6f0-dc5c623a962b,"7207030006100100 - DUMMY - 1",7207
cfcb9e55-576b-4fef-8825-ad8d44935abc,"7207030006100200 - DUMMY - 1",7207
d110de1f-dc3b-4cda-a3c1-ca0b75fbafcc,"7207041011100100 - DUMMY - 1",7207
1fc826fe-43e7-48c5-a627-8edebe14e9e6,"7207041011100200 - DUMMY - 1",7207
d59c06db-b58a-45fd-8756-5d5507b08239,"7207050005100100 - DUMMY - 1",7207
043fc4c9-8f24-44eb-9e76-72a0323bd438,"7207051003100100 - DUMMY - 1",7207
0d047932-96ec-48ad-80e0-5b5804923290,"7207031002100100 - DUMMY - 1",7207
c487792f-df93-489f-83e3-89e75d213626,"7207031002100200 - DUMMY - 1",7207
e7d9864b-c441-4525-a3d4-489a15c63d0d,"7207040014100200 - DUMMY - 1",7207
997c32d7-5f12-4c9d-8d94-d9dba1893e4c,"7207040014100300 - DUMMY - 1",7207
07e92820-0d06-48df-882c-8a03b86e0750,"7207040014200100 - DUMMY - 1",7207
659a7691-cf68-4186-8d19-08cfe49769f6,"7207012007100100 - DUMMY - 1",7207
383dcbbf-9227-4f20-9fdb-e29c4c4c22d0,"7207040002100100 - DUMMY - 1",7207
52851f81-6df8-43bb-b389-2825d9709e71,"7207050014100100 - DUMMY - 1",7207
918b08cb-ce15-4c81-81c8-d5cd70e2a0f5,"7207050014200200 - DUMMY - 1",7207
2712ad31-308e-4132-8234-87c5f73a29cf,"7207031012100100 - DUMMY - 1",7207
994c976b-693e-4039-8e53-da1ba0dd21b8,"7207031012100200 - DUMMY - 1",7207
4f7d60a5-24cd-4975-98b9-b2d7ef4a3962,"7207031012200300 - DUMMY - 1",7207
eade71de-b1f4-41f8-a314-303ba538a4ab,"7207040015100100 - DUMMY - 1",7207
e9df6f57-7511-4781-9e12-c4c51a8fc744,"7207051001100100 - DUMMY - 1",7207
9e2ad982-acb6-46c6-a763-5fec2e4958b2,"7207051001100200 - DUMMY - 1",7207
c9a60a72-fa32-4b5c-9e15-1a98000c7254,"7207020008100100 - DUMMY - 1",7207
28c77332-65e4-4937-8628-a852f3a0ecfc,"7207020017200100 - DUMMY - 1",7207
d54ba94e-365a-428f-ad7a-540fa40b9340,"7207020017100200 - DUMMY - 1",7207
5fe743c9-3f8a-45d7-b285-89f3daea42ba,"7207010011200300 - DUMMY - 1",7207
cd84d549-1b04-41f2-98a8-67bf3486bfd6,"7207020015200200 - DUMMY - 1",7207
1a4dc4f8-cc82-460a-abdc-101172f5923f,"7207030010100200 - DUMMY - 1",7207
d7b50346-a0c5-405c-aa6f-efb0f56b6081,"7207030010100100 - DUMMY - 1",7207
464ae63a-f91e-4a75-9164-fe09e5f6d850,"7207011003600200 - DUMMY - 1",7207
1a7d90bc-eb41-4efe-a5b0-e494a4ae7fa1,"7207011003600300 - DUMMY - 1",7207
2ac76604-3bcb-4576-9ffb-0f15579f8a64,"7207020018200200 - DUMMY - 1",7207
93a0aea2-32e5-4b8b-a234-983a1f49315a,"7207020018100100 - DUMMY - 1",7207
31f55b02-4183-4792-9f77-1c1379c77179,"7207020019200200 - DUMMY - 1",7207
b9e4ae6b-7f7e-4463-8d91-8ece5c8c15d1,"7207020019100100 - DUMMY - 1",7207
c811b114-4adb-4095-8b1d-a6076a9de7f6,"7207050007200200 - DUMMY - 1",7207
729c91a9-6693-4f5f-a224-44842839f407,"7207050007100100 - DUMMY - 1",7207
a8e78701-1269-4747-812e-0c977724884f,"7207041002600200 - DUMMY - 1",7207
7e4f3fe5-63d0-43ea-9bd7-3c05f036bd17,"7207041002100300 - DUMMY - 1",7207
059a949b-97f5-4769-85da-bdff38f22b83,"7207040001100100 - DUMMY - 1",7207
0af6fd22-069b-403d-9672-90189108fbba,"7207031005100200 - DUMMY - 1",7207
c3e71749-05db-42a3-9e4c-ccfd22b33df9,"7207031005100100 - DUMMY - 1",7207
623f30f3-014d-450b-8263-ada00f6f954a,"7207021006200300 - DUMMY - 1",7207
deef4dd8-8a68-4866-970c-e39fac72bb79,"7207021006100100 - DUMMY - 1",7207
74098712-9214-4572-8d63-ca0e24fe228f,"7207040013100300 - DUMMY - 1",7207
46e20217-1059-4b64-a484-7ded33b04b83,"7207040013100200 - DUMMY - 1",7207
f68beead-149a-4d7e-8157-9a64ad6f648e,"7207040013100100 - DUMMY - 1",7207
6c5d6e02-6006-4ab4-b18e-5976d93e5b45,"7207040016100100 - DUMMY - 1",7207
a83c00e8-6c4e-4fe4-bed9-cb580aac4c8b,"7207040016100200 - DUMMY - 1",7207
e27668f9-a9d3-446e-9c85-5cac927e1f07,"7207040016100400 - DUMMY - 1",7207
afa17f07-7ae9-44e0-afc3-f45a1e72f7ab,"7207030018200300 - DUMMY - 1",7207
a2c50edc-66a7-43cf-b8af-5638980559e6,"7207030018100500 - DUMMY - 1",7207
8e7ec516-ca28-482a-927a-3d1eb397b27c,"7207030018100100 - DUMMY - 1",7207
222c8cd7-2899-4686-ba2c-9052bf2b1f8a,"7207030018100200 - DUMMY - 1",7207
a208319f-5dc5-41af-9b11-38466aed98be,"7207031014100100 - DUMMY - 1",7207
ae1c3261-48f7-4d7c-8a40-3bf1a26d95d5,"7207050009200200 - DUMMY - 1",7207
046cb095-00bf-4124-8a14-0ed5c46019da,"7207050006200200 - DUMMY - 1",7207
1cd22e46-b25b-4a00-a9f1-174f60a1321d,"7207050006200400 - DUMMY - 1",7207
cfc894d7-47c1-4795-8aab-22bc71d1385c,"7207050006100300 - DUMMY - 1",7207
8ea2421f-359e-4693-81cc-796bc265fc51,"7207020012100100 - DUMMY - 1",7207
320c38e8-cc04-4243-a97d-6c564c671033,"7207030007100100 - DUMMY - 1",7207
99267143-edb5-4f03-a2b5-84830aac74e2,"7207030007100200 - DUMMY - 1",7207
f7595ee8-a4f9-467d-9d65-933718a7d4a9,"7207050012100100 - DUMMY - 1",7207
238170fb-d129-43c8-a9ef-620b3ac80a03,"7207050012200200 - DUMMY - 1",7207
7b9959cc-436e-472a-bb88-db4268159257,"7207030016100300 - DUMMY - 1",7207
9bb27b36-169e-418b-a61f-98494a584634,"7207030021100100 - DUMMY - 1",7207
d02dd7bb-a37a-4d0e-8439-c53e8fab74cf,"7207030021100300 - DUMMY - 1",7207
f4b6907f-91d8-4fb6-af70-8478d476218e,"7207040006100300 - DUMMY - 1",7207
1a5fc2d1-3d2f-4f99-b7b5-fa6a42441c53,"7207021005200300 - DUMMY - 1",7207
0948290c-33fd-478a-9717-6934bc1b171b,"7207021005100200 - DUMMY - 1",7207
bf493f88-8779-41d4-bb9e-cdc0e4d4f8c4,"7207041009500200 - DUMMY - 1",7207
7dfdde0b-2708-4063-9da8-0111cd0b0c1b,"7207041009200100 - DUMMY - 1",7207
a6d41ae7-88dc-450d-8514-2edf4abd41c2,"7207041009100400 - DUMMY - 1",7207
49621a15-896b-4112-8246-7eac424a2b79,"7207041009100300 - DUMMY - 1",7207
43c21a82-197b-4055-92c6-abcf5c991c03,"7207021004200300 - DUMMY - 1",7207
04b77a56-d375-4447-ae0b-f724cdca5b23,"7207021004100100 - DUMMY - 1",7207
e041097f-7de6-462a-8e9e-3fd32dd4038c,"7207021004100200 - DUMMY - 1",7207
9437b906-d660-470f-8100-e09829712f57,"7207031007100100 - DUMMY - 1",7207
156f1839-0356-43e0-b13e-4a7f8f623994,"7207050013200200 - DUMMY - 1",7207
bc8b74ad-0130-475f-99c6-bb7502455723,"7207031003100100 - DUMMY - 1",7207
1a95c06e-df1e-4e7b-8d44-e4f62414428b,"7207031003100200 - DUMMY - 1",7207
4caba205-1cbb-4267-acc4-bc7d313276b7,"7207031003200400 - DUMMY - 1",7207
1c4d51f7-f6b5-489a-80e9-2496a32e7546,"7207031003100500 - DUMMY - 1",7207
d22a80d4-7438-4c7c-8a14-bb7c43d524af,"7207031003100300 - DUMMY - 1",7207
47090489-3d62-40f9-820b-52c75277029a,"7207030023100200 - DUMMY - 1",7207
dfc94ca9-c80d-4afb-afb8-854b1768ecaf,"7207030023100100 - DUMMY - 1",7207
01279e60-b407-43e3-99d2-787e44dbfa56,"7207040007200100 - DUMMY - 1",7207
9fd8abf4-dbba-4b97-af32-45fcc6372ccf,"7207040007100500 - DUMMY - 1",7207
99b14732-0b81-4dc5-b5dd-39af257d7c27,"7207040007100400 - DUMMY - 1",7207
ef3aefe6-21b5-4922-9747-ef6f727e492b,"7207021002100100 - DUMMY - 1",7207
a81b3c26-8378-444c-b26d-7d20081c0678,"7207021002100200 - DUMMY - 1",7207
05fe04e3-75b4-428f-b105-add284d78b59,"7207050011200200 - DUMMY - 1",7207
167ebc01-7fa1-4bee-a5c9-29f7c1220a53,"7207050011100100 - DUMMY - 1",7207
d3ce25f9-b3f1-4823-a1d8-8d9d00bcfc82,"7207011007200300 - DUMMY - 1",7207
ad3652ff-4eb8-4aee-9216-26928b2f006e,"7207011007100100 - DUMMY - 1",7207
ecfb79de-1984-47df-b7a1-83ccc81566b4,"7207021009100100 - DUMMY - 1",7207
79db9241-5567-44fb-94a9-5eb572a61d6f,"7207040005200200 - DUMMY - 1",7207
182988c6-777d-4655-8a87-697532eeca83,"7207040005100300 - DUMMY - 1",7207
c7afd907-19fa-43d9-ad96-957c9d59baf0,"7207020010200200 - DUMMY - 1",7207
582d02f7-a841-4299-9f9d-358b76635e89,"7207020010100100 - DUMMY - 1",7207
6fc85310-ed4c-427a-ab31-218a9de58afd,"7207020016100200 - DUMMY - 1",7207
faa2fbdb-4b6a-4372-bf92-fa525351b2bb,"7207030015200400 - DUMMY - 1",7207
c9cd0ee6-a570-4627-9f8c-d1618afc1d3f,"7207030015200200 - DUMMY - 1",7207
efd70230-a38b-4b4e-a2ae-ead85f68bc73,"7207030015100300 - DUMMY - 1",7207
f36c23b4-9014-45a3-bff1-3ea120caf2aa,"7207011005200100 - DUMMY - 1",7207
ae2e64b4-6968-461d-a622-a56994818e88,"7207050010200300 - DUMMY - 1",7207
e8a1a9d3-81f4-422f-bbf2-5eee17f53056,"7207050010100200 - DUMMY - 1",7207
99729ab5-a5c4-4567-ac24-7fc737a504b6,"7207041004600200 - DUMMY - 1",7207
9415cba0-3cab-4720-9061-1c305df0887a,"7207041004200100 - DUMMY - 1",7207
fa2f8b84-6446-4215-a45c-e0a1fdedd330,"7207041004100300 - DUMMY - 1",7207
4a085e2a-9e20-405d-beba-d5f12441d0e6,"7207051005100100 - DUMMY - 1",7207
ec9d0566-27bb-48d1-9f79-8f24b3020017,"7207051005100200 - DUMMY - 1",7207
275d9e7b-4f20-4584-8db9-e8612265985c,"7207031004100100 - DUMMY - 1",7207
b34a1c9f-4ca9-441f-b74c-ac5f58cbf485,"7207030020100100 - DUMMY - 1",7207
eaa559c2-c9de-490f-8932-b62fdfe8e448,"7207031009100200 - DUMMY - 1",7207
cd33633d-f73f-451f-9212-db0be45310ef,"7207021003100200 - DUMMY - 1",7207
a8f8ebed-57ac-4e6c-8935-054ae87cf9da,"7207010018200300 - DUMMY - 1",7207
57632910-7949-46f1-91e9-bca771690062,"7207021008200300 - DUMMY - 1",7207
1df15c3f-00f5-4caa-8b33-046160aa93cf,"7207021008100200 - DUMMY - 1",7207
40c53901-5f0e-44e7-a93a-906cdcb5760e,"7207021008100100 - DUMMY - 1",7207
09c954eb-8abe-40e2-8380-a7407d5d75d5,"7207041003500800 - DUMMY - 1",7207
db3f6637-3232-4259-88e0-3e8ac26570eb,"7207041003500700 - DUMMY - 1",7207
230c558f-0a87-47ce-b628-1ad9fbeeca45,"7207020022100100 - DUMMY - 1",7207
1b838dcd-4f87-4b69-ab30-d433ba076b7c,"7207010017100100 - DUMMY - 1",7207
ff597018-7878-4d33-8089-0a8fdac9a4a5,"7207050015200200 - DUMMY - 10",7207
581146d7-c635-4f6a-a3d5-99e2b281e0b5,"7207050015200200 - DUMMY - 9",7207
28d33582-2385-47fd-a91c-7570ccd8b8a0,"7207050015200200 - DUMMY - 8",7207
54888c6a-81dc-4740-a768-fc264e56103a,"7207050015200200 - DUMMY - 7",7207
c3b6e150-1733-46fb-b2c5-c5ac85f1c6b2,"7207050015200200 - DUMMY - 6",7207
78f18e00-c2f7-4ed4-a0ce-035e375b5030,"7207050015200200 - DUMMY - 5",7207
3e4a9df8-d710-44e2-beaf-151701f9bff9,"7207050015200200 - DUMMY - 4",7207
d4e79d64-b4c8-4131-8362-e36cef204dd6,"7207050015200200 - DUMMY - 3",7207
b3bc128d-5155-44eb-b833-a283abc68ce7,"7207050015200200 - DUMMY - 2",7207
e405e506-720b-4b0b-8292-03f4cbddcee8,"7207031008100200 - DUMMY - 1",7207
20df8e2a-fff3-455f-85c2-60c663f4655f,"7207031008100100 - DUMMY - 1",7207
91eb798a-b9da-463a-8f18-58007846c3c6,"7207020014100200 - DUMMY - 1",7207
224a4a55-8093-4c79-b933-1355858481fc,"7207020014100100 - DUMMY - 1",7207
ae711696-b214-4246-902b-a50d36043748,"7207041001100200 - DUMMY - 1",7207
00c4cc44-5b54-4003-bcf2-6472ecdb89ce,"7207010009200200 - DUMMY - 1",7207
84259afb-6b86-4f46-8e27-67f751b54a8b,"7207010009100100 - DUMMY - 1",7207
13efc295-3f26-47b3-878b-4a815810020e,"7207041007200300 - DUMMY - 1",7207
b16f6790-1f6a-42ee-8e11-2aae4f886db7,"7207041006600300 - DUMMY - 1",7207
105e829d-ede1-44b3-a169-07ab61a80019,"7207051004100300 - DUMMY - 1",7207
74023638-da95-4606-9fb1-5474511d250b,"7207051004100200 - DUMMY - 1",7207
ae458996-0183-43e4-b53a-681c5f5848c0,"7207051004100100 - DUMMY - 1",7207
025e0ba7-f005-4a8f-bf5f-889e4ad2ef7c,"7207050008200300 - DUMMY - 1",7207
8406bf27-c0ad-4797-a67e-f903a1bf3eec,"7207050008100200 - DUMMY - 1",7207
f8bf278c-5a0b-4643-95bf-eea789656e90,"7207051007100100 - DUMMY - 1",7207
d8712961-1a0d-44ba-b300-706a5a9a1f4f,"7207020009200200 - DUMMY - 1",7207
c39f5faf-eb8c-439d-ae66-47f2ee0097d8,"7207041010600400 - DUMMY - 1",7207
5ea87890-4119-4064-8c92-5f7fdc8630ba,"7207041010200300 - DUMMY - 1",7207
28a634ed-fad7-4d86-95dc-ad9db8b0647e,"7207041010200100 - DUMMY - 1",7207
bbe082b1-9795-47fe-8dcd-7bff87339afb,"7207021001100100 - DUMMY - 1",7207
023ff7b1-8592-442b-b975-da96512ab374,"7207021001100200 - DUMMY - 1",7207
29eda561-764e-4880-bc1e-c0273d3731df,"7207031011100200 - DUMMY - 1",7207
bbed3d08-95e4-4437-a4e8-7d53fd6049bf,"7207012005100100 - DUMMY - 1",7207
3f3b4962-be5e-4e53-847f-b2d004a59961,"7207010012100100 - DUMMY - 1",7207
f27cdb86-70fc-41c9-9700-b4c159b6bdc7,"7207030008100100 - DUMMY - 1",7207
5a943296-f95c-485c-af01-b59f173272a7,"7207012003200100 - DUMMY - 1",7207
8beae3c3-3393-477d-8c18-ad5dbabdd5b1,"7207011006100300 - DUMMY - 1",7207
7f34c6f1-6e3e-427c-98d6-756fc185032f,"7207011002100100 - DUMMY - 1",7207
883623ce-e4d5-4fc2-ae0f-f0a1d600a367,"7207011002200400 - DUMMY - 1",7207
8cebb97c-c526-4d37-95e7-d6498b908bef,"7207011002100300 - DUMMY - 1",7207
2bee4944-549b-4468-9cbb-77d6e3770f8c,"7207011002200200 - DUMMY - 1",7207
6e6a2cf1-ffb6-442a-8656-a622f973920b,"7208062011200100 - DUMMY - 1",7208
bf1df22f-56d0-4159-86cb-8383fca630e9,"7208060026100100 - DUMMY - 1",7208
14c50d29-68ea-4478-a642-9f685bbfefb7,"7208060037100100 - DUMMY - 1",7208
d9560b75-ecc9-490e-8846-c2aab85fda77,"7208060033100100 - DUMMY - 1",7208
f010c5b8-44f6-4b29-8b31-f5ddfadcdb6c,"7208020011200100 - DUMMY - 1",7208
653881ea-ce4b-4233-a4e4-b454694b33de,"7208060002200100 - DUMMY - 1",7208
6b39099b-71f3-4551-8e1b-05c66f1ce1bf,"7208060034100100 - DUMMY - 1",7208
69206cbd-b382-4c10-a015-c8cf6d8e0fcc,"7208024006200100 - DUMMY - 1",7208
8cfe30f3-ce45-4281-8c3d-c929fa034253,"7208060028100100 - DUMMY - 1",7208
3340195d-6397-4d6e-9cba-bb74b268b2b3,"7208050016200100 - DUMMY - 1",7208
69378554-2020-4a1e-9099-4141d5980bfa,"7208050016200200 - DUMMY - 1",7208
5907cb43-160b-43f0-aaef-034b18b6e24b,"7208050016200300 - DUMMY - 1",7208
555ae48a-0586-4d89-af8f-c7bcbdc563b4,"7208023010200100 - DUMMY - 1",7208
b4d86aa0-9599-43b1-90fb-dff326aeb347,"7209070015100100 - DUMMY - 1",7209
457912fe-ccf6-4679-8023-0b74210208fb,"7209030003200200 - DUMMY - 1",7209
30711d9c-5b02-4ee6-aec7-3584b3476c75,"7209030003200300 - DUMMY - 1",7209
b2f0327e-268f-4a57-b3ad-75654638805b,"7209030003200100 - DUMMY - 1",7209
9cb222a3-e96d-469d-ad50-2d932596773c,"7209060006200100 - DUMMY - 1",7209
73c6f006-8887-42e8-b135-a0d3e0e93bf1,"7209070001200100 - DUMMY - 1",7209
c1720d51-94a8-438e-bad0-b3e6f5bbda7f,"7209010007100100 - DUMMY - 1",7209
51de7fd0-10d7-4c3e-ab5c-0688cb0aad03,"7209080009200100 - DUMMY - 1",7209
298bb102-b7d5-4325-a18c-38b8055e3675,"7209060005200100 - DUMMY - 1",7209
40724dc1-2c7d-4754-9a4d-e844db3968d6,"7209030005200100 - DUMMY - 1",7209
13747350-2d0f-4df8-87c4-0e59cb5147b8,"7209030005200200 - DUMMY - 1",7209
7e069055-a003-41ec-ac81-c5f031c01ec0,"7209080012200100 - DUMMY - 1",7209
e052e646-c772-4676-aa34-09c0f6f045da,"7209082004200100 - DUMMY - 1",7209
465f6eb8-1d33-4144-aa41-bde723e5bd8e,"7209030008100200 - DUMMY - 1",7209
027b67f8-ad43-45ac-82ca-672756ed208b,"7209030008100300 - DUMMY - 1",7209
73d72e88-be52-455b-bc47-db9ec8a5bb3e,"7209070014100100 - DUMMY - 1",7209
cc6fa9b7-184d-4bd0-8c9a-a353b907a9de,"7209070014100200 - DUMMY - 1",7209
2a2181fd-3747-4966-bb14-745356f07b61,"7209030011200200 - DUMMY - 1",7209
f6c70777-1682-43f4-905f-4b8b37aa4aa5,"7209030011200100 - DUMMY - 1",7209
2dc018cb-3eed-451b-ba2a-c0e37468c40f,"7209010004200200 - DUMMY - 1",7209
b1ad71df-7ff7-4e0c-8896-3a332395995a,"7209061009200100 - DUMMY - 1",7209
6ce78564-4029-410b-ae19-6aae93491f9d,"7209040008200200 - DUMMY - 1",7209
661aa6dd-b5fd-4f47-845f-bfd53a76b113,"7209020022400200 - DUMMY - 1",7209
f3148b1e-b99b-412c-b11c-f0dcb479af78,"7209080010200100 - DUMMY - 1",7209
d053ca39-31bb-42b0-a186-81a43b287ec3,"7209082003200100 - DUMMY - 1",7209
613d86d6-5cd4-462d-a566-09bd0799de56,"7209061002200200 - DUMMY - 1",7209
b21b275b-bcd8-4621-9fd0-94590603d76d,"7209061002200100 - DUMMY - 1",7209
d92ac811-c1d8-485e-96d2-d4cc38ec1f89,"7209030010200100 - DUMMY - 1",7209
3d4dd22b-ffd6-458e-a406-8892982ca627,"7209030010200200 - DUMMY - 1",7209
546a9d5e-46d0-4755-9935-bc97c9cab2f7,"7209030010200300 - DUMMY - 1",7209
71e81b08-448a-4cc4-b8c5-b76a8ed2c6fd,"7209061014200100 - DUMMY - 1",7209
9e09c933-cce9-4bf7-8412-406e1fd72a6b,"7209061014200200 - DUMMY - 1",7209
1485fefd-80a1-4f8d-b473-ce1885043312,"7209050012100200 - DUMMY - 1",7209
792f54e7-a611-4b40-973f-d722c14e3d57,"7209050012100100 - DUMMY - 1",7209
5dd8485d-1108-4d28-8d47-e2d272b37aed,"7209020016100100 - DUMMY - 1",7209
00a55b29-f209-49b5-bd7f-89951e5b4bb7,"7209030012200100 - DUMMY - 1",7209
0bd2de0a-0609-4f16-914e-b40512e381cb,"7209020015200300 - DUMMY - 1",7209
b79d16de-a9ac-4dfd-8aa4-50b1d089a9a5,"7209020015100200 - DUMMY - 1",7209
04fea5bd-c9fe-421c-a385-97537b7b997b,"7209080013200200 - DUMMY - 1",7209
454e0261-8b57-4ba1-957a-5a6a2c0a7ac2,"7209080013200100 - DUMMY - 1",7209
603ce2eb-41c3-4d6e-b87f-4c2be53339ce,"7209040018200200 - DUMMY - 1",7209
60a46f5b-f942-492b-a36f-c1aaef0f5383,"7209040018100100 - DUMMY - 1",7209
1f61bfa6-7f3e-46ad-8617-96f9978d5efb,"7209070005100100 - DUMMY - 1",7209
b5031a63-fa17-47f8-8dcd-c14552e70620,"7209061011200100 - DUMMY - 1",7209
5748efcc-d536-48ec-a779-43438bf80cf1,"7209061011200200 - DUMMY - 1",7209
db65e1b7-cba8-4e0a-bf5a-312769b553ef,"7209030004100100 - DUMMY - 1",7209
537a3581-a534-4138-b5cc-b77e723e9581,"7209030007200200 - DUMMY - 1",7209
5937553f-f77b-419f-8b08-98b2c100ae7e,"7209060018200100 - DUMMY - 1",7209
a6b4dd20-e504-4940-9671-1369ac5888d2,"7209081001200100 - DUMMY - 1",7209
8afb19f6-40a0-49c4-9a5e-8d6af447427b,"7209030006200200 - DUMMY - 1",7209
8991b5fd-6dd2-49f8-8d45-4ac1714c0be2,"7209030006100100 - DUMMY - 1",7209
01368b05-4148-4cbc-90a4-9434266a39c2,"7209061001200200 - DUMMY - 1",7209
b0b14803-aa6b-4cc5-a777-d2066c57508b,"7209061001200100 - DUMMY - 1",7209
d7a3e8e4-b5c3-412e-8937-0c26146a88bd,"7209070016100100 - DUMMY - 1",7209
45fee64a-924e-44c1-bd8a-b7adf4c23ffb,"7209070009100200 - DUMMY - 1",7209
f66276ec-eb0c-4077-983f-cc6ee3f95438,"7209070009200100 - DUMMY - 1",7209
43c9d338-f102-41e8-b0f7-0bb7bdbf1e82,"7209081006200100 - DUMMY - 1",7209
e45e4c92-451f-4a9d-910a-f5e096c95120,"7209030009100100 - DUMMY - 1",7209
dddd91f3-6a19-4490-ba80-b9066dd2a5c6,"7209030009100200 - DUMMY - 1",7209
891ec67a-7669-4d85-b978-87b17fc572c0,"7209030015200200 - DUMMY - 1",7209
812a08f1-ad2f-4ca9-9dbe-d545dbc73393,"7209030015100300 - DUMMY - 1",7209
999b4004-54be-46ef-ab47-64e5110a2bba,"7209030015200100 - DUMMY - 1",7209
d25944ff-4374-45e6-85c9-80526ead98cb,"7209061004200100 - DUMMY - 1",7209
fe8a2f2b-88a3-414a-bf8b-9033faf8bca6,"7209040002200500 - DUMMY - 1",7209
365b8f1e-82d8-4f37-be11-c5b1f55482d2,"7209040002200400 - DUMMY - 1",7209
d385be8b-8cf6-48db-aad5-5bb51f6d07e1,"7209010005200200 - DUMMY - 1",7209
0ed04298-c513-4a34-be11-3d67e17bfb4b,"7209070003100100 - DUMMY - 1",7209
8dbe6c21-989e-4804-a112-e18d4b97e37c,"7209040004100200 - DUMMY - 1",7209
7c26eed0-041d-4b57-8f37-a708317b3cee,"7209030001200200 - DUMMY - 1",7209
2e5db4db-e3c8-4605-ae0d-4da33f3d2e45,"7209070007100100 - DUMMY - 1",7209
87cf2abb-a51e-443c-abfd-ac4a91a43402,"7209070007200200 - DUMMY - 1",7209
8f0a28fa-c3d7-4093-ac3e-daa58b196630,"7209020023200100 - DUMMY - 1",7209
c81d698a-afb5-4c69-9f4c-0c61acd28353,"7209060019200100 - DUMMY - 1",7209
a2a211a7-ad0b-4893-9e73-71d0a73d35c0,"7209060017200100 - DUMMY - 1",7209
4445225c-6a39-4703-ba38-737deb9f8bd5,"7209081004200100 - DUMMY - 1",7209
894e9169-5ebc-4359-b76f-41703dd5a898,"7209010013100200 - DUMMY - 1",7209
95381d2c-165d-4d6b-b65c-9971f825280e,"7209040003100200 - DUMMY - 1",7209
50862fcb-74be-4d25-be34-20b54b4141e6,"7209040003100100 - DUMMY - 1",7209
10d05141-eeea-484c-a44d-78a3d4e3ea76,"7209030013200100 - DUMMY - 1",7209
d5eaa633-a985-49cb-b1a0-d4a4a12ee173,"7209030013100200 - DUMMY - 1",7209
31b5e578-b7f3-424c-892d-ae541b15a127,"7209040005100100 - DUMMY - 1",7209
fa8e02b0-c58d-4866-bdce-bead5323f05d,"7209040005100200 - DUMMY - 1",7209
50d9af26-d1a0-436e-b883-8a01f3fb26d1,"7209040005200300 - DUMMY - 1",7209
bb144d0d-1c28-46be-b2d1-549191fec797,"7209030017200200 - DUMMY - 1",7209
9d0feb44-9022-4e16-9691-8f99e331ad1f,"7209030017200100 - DUMMY - 1",7209
22191a96-b22b-4147-a292-2cff351fc355,"7209030002200200 - DUMMY - 1",7209
c989996c-05cd-4e18-a75c-979b00e96e4e,"7209081007200100 - DUMMY - 1",7209
b8cf45b7-e008-41d9-9fb4-afc89b5d49b0,"7209070010100400 - DUMMY - 1",7209
6f4faac5-9846-4c13-8a63-9c196fda24d8,"7209070010200300 - DUMMY - 1",7209
15108ad2-07b2-4489-a0f5-0fc61955728f,"7209070011100100 - DUMMY - 1",7209
2e51cc21-3d68-449b-a5cd-78b4a8dd9773,"7209080006200100 - DUMMY - 1",7209
6884380c-9e20-4461-984b-7913af84bd9b,"7209010008200300 - DUMMY - 1",7209
fb976f5d-1682-449d-9be0-fa3bf64da189,"7209010008200100 - DUMMY - 1",7209
dacb55d8-7bd9-4806-a41f-3e8562e8d14d,"7209010008100200 - DUMMY - 1",7209
4e16f146-a1c8-4407-a2ff-2f4da836cba1,"7209081005200100 - DUMMY - 1",7209
485242ae-3d10-400e-99c2-deb65c4364d0,"7209010010100100 - DUMMY - 1",7209
c7247ce2-c0a8-4223-b438-65bc532790ed,"7209010010100200 - DUMMY - 1",7209
80521ed3-c2e2-4bce-92f7-7c057875947c,"7209070013100200 - DUMMY - 1",7209
0bb8c548-3779-46b2-bd40-531d10914d76,"7209080008200200 - DUMMY - 1",7209
51d8522a-47d5-4515-ad8d-dbd6812283b4,"7209080008200100 - DUMMY - 1",7209
b85e734d-7ca2-4d29-81bf-a03aea958262,"7209020027200100 - DUMMY - 1",7209
7a10a4a2-9ce0-485f-a09f-9047ded63904,"7209082001200200 - DUMMY - 1",7209
c983526d-1dd3-4674-b4ac-2a468ab3a17a,"7209082001200100 - DUMMY - 1",7209
3a1f1368-50bb-4b03-a991-cb098a49483d,"7209060015200100 - DUMMY - 1",7209
c287b822-1335-4639-878b-b454cea7cad0,"7209040015100100 - DUMMY - 1",7209
df4b7388-39c3-4e8f-9780-853fb0344f4a,"7209010002100100 - DUMMY - 1",7209
6c0dbd7e-c424-46c4-9c77-07be0cc02581,"7209070008100100 - DUMMY - 1",7209
cef2723c-dff2-42f9-aa10-71d5a6857934,"7209030016200100 - DUMMY - 1",7209
76a8a157-5888-4a3f-99f4-86d1ceff9959,"7209030016100200 - DUMMY - 1",7209
a431e0a6-bc98-4795-bdb0-dbcc28d9b483,"7209040001100200 - DUMMY - 1",7209
4c7ea146-5c21-4722-bb6f-77d3cd358a5a,"7209030014200200 - DUMMY - 1",7209
320b7467-f78d-4e4b-9b2d-839c4ecbf8a9,"7209020020200100 - DUMMY - 1",7209
2c1e82a5-10cb-4b02-b12d-4c06e58a381a,"7209010009200100 - DUMMY - 1",7209
aeb973fe-d4c7-4f0a-8260-1ea8880e9272,"7209010001200200 - DUMMY - 1",7209
99027d03-82ca-4ccb-a46b-c4720b662bd5,"7209040006100100 - DUMMY - 1",7209
fc1c011c-1c56-40b5-8a1a-c4678189894f,"7209040006200200 - DUMMY - 1",7209
914b71e4-362f-4529-829f-2c73d4cb0246,"7209050001100100 - DUMMY - 1",7209
8fd04bb7-6151-411b-ae78-508ce017cde4,"7209050001200200 - DUMMY - 1",7209
e8b6bf30-5ae6-430c-8bac-f97ddbc28188,"7210060021100100 - DUMMY - 1",7210
ff3c7a2d-5c35-4456-ba9e-7464d64fd090,"7210020001200100 - DUMMY - 1",7210
f52a7b85-9941-4e5b-a86e-75b7253d5261,"7210020001200300 - DUMMY - 1",7210
8df45cd8-aed5-4388-928a-a0b1b934272e,"7210150001100100 - DUMMY - 1",7210
b350db34-dc64-4d78-9f05-51f9774969b6,"7210030012200200 - DUMMY - 1",7210
a43eed18-9578-45e8-aebd-314c11a0cd20,"7210030012200100 - DUMMY - 1",7210
cb70818e-f693-47bb-b210-991c1b6c35a6,"7210090010100300 - DUMMY - 1",7210
0af64a3b-c8c9-49c3-9c00-62b1537dee6a,"7210090010100100 - DUMMY - 1",7210
af5ab7d0-1658-483d-a469-577f76d70577,"7210060012100100 - DUMMY - 1",7210
4ecbd033-178a-44c0-a81a-6f9215b33e32,"7210150009200100 - DUMMY - 1",7210
098320f0-2bc1-4a43-b1b6-1a0a0cef7fd8,"7210060020200100 - DUMMY - 1",7210
eef954f3-7246-491c-8b9d-136a8bab086d,"7210080005100200 - DUMMY - 1",7210
623bb624-74c1-46a1-9a92-20201072e485,"7210080005100300 - DUMMY - 1",7210
8fb0a5b1-702a-402b-a3b3-6f248697f9f7,"7210080005100100 - DUMMY - 1",7210
38175a93-1c16-4f7c-b1d2-b75a7745423e,"7210010004200100 - DUMMY - 1",7210
4b69402b-9280-4ac1-b3ed-c763e33a67e1,"7210090003100100 - DUMMY - 1",7210
0026d9e9-a33c-4d15-9650-32fb698e98ba,"7210030006100100 - DUMMY - 1",7210
46d1bf6f-9b3d-4730-b385-8b357047c406,"7210030006200200 - DUMMY - 1",7210
49672c7d-41e7-4000-82c0-17a68705f9a6,"7210030006200300 - DUMMY - 1",7210
98a48eac-d7d2-4f41-9bc4-083559af1392,"7210030006200400 - DUMMY - 1",7210
bf008ad4-bea0-4eea-8e20-42d22b24c2f9,"7210080012100300 - DUMMY - 1",7210
7d73ad7d-9630-43f1-bfbd-a54b4efc9376,"7210080012100100 - DUMMY - 1",7210
e3fb8ef1-c53b-4464-b8ab-59ea1d59df72,"7210080012100200 - DUMMY - 1",7210
f10332cc-b258-45ae-a077-b590e0243700,"7210121004200500 - DUMMY - 1",7210
a6ea9f5e-44b7-455d-a758-6505701da2cc,"7210121004100100 - DUMMY - 1",7210
47004c73-db85-4eff-a4c3-0a986bab5104,"7210121004100200 - DUMMY - 1",7210
31de651e-487b-46f5-b1b1-94851dc20c49,"7210030002200100 - DUMMY - 1",7210
973e10ad-d347-4478-9575-448a052e2fcc,"7210030002200200 - DUMMY - 1",7210
d801dd44-4dda-4520-ba71-103259bb2cad,"7210060011200100 - DUMMY - 1",7210
f0c6c763-f294-4fac-86e2-d97b75b4eba0,"7210150008200100 - DUMMY - 1",7210
d28b57bb-420c-41a5-ac02-78fee3e89cf6,"7210060015200300 - DUMMY - 1",7210
fd251908-93ea-4363-80e5-0c17b491a5cf,"7210060015200200 - DUMMY - 1",7210
009dae96-49db-4c2f-b970-077ac3aad314,"7210080009100100 - DUMMY - 1",7210
ec3a4453-b120-47f8-8b14-65cdcdd0a8f1,"7210080009100200 - DUMMY - 1",7210
74032121-9f86-42d3-8433-85c1255f5050,"7210140010200100 - DUMMY - 1",7210
487534d5-fc95-405d-b7d4-b5d9499a8028,"7210010016200100 - DUMMY - 1",7210
a153fef8-a5d9-4c70-8bb9-e0cf70cf929f,"7210040001200200 - DUMMY - 1",7210
0b22567a-6db3-4af1-909f-8c43c1f381ee,"7210121007200100 - DUMMY - 1",7210
f886c83b-1f2f-4543-9739-20c49c1b0592,"7210030001200300 - DUMMY - 1",7210
d531556a-bc1e-4767-9f56-9d8ab6e462cb,"7210030001200100 - DUMMY - 1",7210
abe651e1-eb88-432a-8c92-a53fb6d98376,"7210030001200200 - DUMMY - 1",7210
ec0f6237-2dc9-4a0e-9aff-ba64dcfaf10e,"7210130001200100 - DUMMY - 1",7210
e35730d0-e737-46e1-b58b-74d22e88090f,"7210080002100300 - DUMMY - 1",7210
4e5f5614-4fe0-46de-8024-ba6e67880275,"7210080002100100 - DUMMY - 1",7210
0bf32b14-30d4-4b0b-a708-5fdc802130d6,"7210080002100400 - DUMMY - 1",7210
57e02d40-c34c-405a-8ed2-55ca1b2c941b,"7210080002100200 - DUMMY - 1",7210
1d5848ce-51cd-4433-a2ba-4410169a144e,"7210080011200100 - DUMMY - 1",7210
b4cc75a7-d5f9-4778-a2c6-1f30d6a554c3,"7210080011100200 - DUMMY - 1",7210
08d96faf-4e44-4353-817a-e7a2670d05cf,"7210020002100200 - DUMMY - 1",7210
99fa5b8b-f4ce-44b1-8530-5954685d7cf7,"7210020002100100 - DUMMY - 1",7210
5c18eceb-b8fe-4c84-87c8-f1a94236ab84,"7210060007200100 - DUMMY - 1",7210
149e3c32-b310-4027-bf88-9cedc93ec8ac,"7210030004100300 - DUMMY - 1",7210
b06a7a39-75e6-455d-8989-db1e4b0e6642,"7210030004100200 - DUMMY - 1",7210
9dade49b-f5d7-4fba-9118-af8af6bea273,"7210080003100100 - DUMMY - 1",7210
59bd4728-bde7-4f8b-bfc7-94110d164dc5,"7210040003200400 - DUMMY - 1",7210
d32fe154-d2d8-483a-89c6-ea290b1c6fa1,"7210040003200500 - DUMMY - 1",7210
d904dde3-683e-4593-9a03-59a49bc201b6,"7210040003200200 - DUMMY - 1",7210
5acf2c4f-1322-497f-94e7-14c65e047c48,"7210090008100100 - DUMMY - 1",7210
5bf0b15f-0bf5-4e58-ac2d-fa1408dfba3d,"7210020006100200 - DUMMY - 1",7210
e13363a1-b593-4776-bd03-a07a48bf8aec,"7210030016200400 - DUMMY - 1",7210
c30d93f6-8e0a-43f2-9399-affc8a10d4e8,"7210030016200300 - DUMMY - 1",7210
dd247ef3-5a36-4ba8-bd3e-a85da33e330a,"7210030016200200 - DUMMY - 1",7210
ebc0367f-1953-4be5-887c-a736b5d5a35d,"7210030016200100 - DUMMY - 1",7210
6308970c-03c9-4710-a8c4-07408274053c,"7210060006100200 - DUMMY - 1",7210
f2e33495-1dff-49f7-9f07-50091fc649c7,"7210060006100300 - DUMMY - 1",7210
bb540b4c-5e60-4f82-8a19-95521179d678,"7210060006100100 - DUMMY - 1",7210
298f7cfb-ff80-45b6-ba86-bde87b0da3ef,"7210040002200300 - DUMMY - 1",7210
39d2e6ce-22c9-4ad1-8548-05c3e7fc41db,"7210040002200500 - DUMMY - 1",7210
dcd03350-df7b-441c-98de-cd13c41b24e9,"7210040002200200 - DUMMY - 1",7210
9459a56a-f9a7-4986-bc3a-db80da58185c,"7210040002200600 - DUMMY - 1",7210
340dd1ee-3714-4543-ad28-1a97236c77ea,"7210040002200400 - DUMMY - 1",7210
8a13f42d-3800-4981-a542-a873705428d6,"7210080007100200 - DUMMY - 1",7210
49337f21-e854-4169-b8ec-14505f754a46,"7210080007100100 - DUMMY - 1",7210
22ec40f1-0259-461f-be4a-06af41cef5f8,"7210080007100300 - DUMMY - 1",7210
023a14b7-6d7e-4269-a8a5-8ec65df8948e,"7210150002100100 - DUMMY - 1",7210
418b70e3-b64f-43f6-b729-2590461aebee,"7210030005200200 - DUMMY - 1",7210
04a8e4cf-3935-4af9-98b9-c9f19099cb2a,"7210030005200100 - DUMMY - 1",7210
ade9c488-6578-4a6f-b181-7f57faca3586,"7210030005200300 - DUMMY - 1",7210
62e3ff23-38a7-4782-9221-4880181d5ce5,"7210050002100200 - DUMMY - 1",7210
e40f6869-a415-465e-8fb5-984571036171,"7210050002200100 - DUMMY - 1",7210
71a98df8-cc7e-43ab-91e3-5d46bcb3e7b6,"7210080010200100 - DUMMY - 1",7210
46579ed2-473a-440d-9371-f3765d80cd04,"7210020004100100 - DUMMY - 1",7210
4aaed54e-9a40-4cfc-ae1d-9aef6b4841e3,"7210010006200100 - DUMMY - 1",7210
a6b0974f-04f7-4950-abbe-3b54da176e80,"7210060014200100 - DUMMY - 1",7210
2499eb1b-48a5-405c-8074-6e3ef8f0ba81,"7210060014200200 - DUMMY - 1",7210
94ef2164-ef19-4691-a5e9-e16999545956,"7210030008100100 - DUMMY - 1",7210
3a1188ec-6065-4d37-a057-28c27a308b78,"7210010005200100 - DUMMY - 1",7210
68acfc7e-a603-4868-ae9c-b4c98c2f27be,"7210120016200100 - DUMMY - 1",7210
1a6c7eac-a1b6-4995-a0f5-abf6c1922ddf,"7210050001200100 - DUMMY - 1",7210
d9ab8690-86b7-45b4-9a1b-b7175823a3ab,"7210050001100200 - DUMMY - 1",7210
4481cf57-d810-401d-a1ce-b2e550aea5ee,"7210030013200200 - DUMMY - 1",7210
03402bed-4fc1-4a0d-b82e-9f506a7986fb,"7210030013100100 - DUMMY - 1",7210
c63f19bc-9578-4a0a-a27a-19b8a01ea61f,"7210020010200200 - DUMMY - 1",7210
1b9a3d7c-a070-45b0-a71e-8979a91b3ce0,"7210020010200400 - DUMMY - 1",7210
05aaed14-63ea-4b64-8c32-c927c402fd4d,"7210020010200300 - DUMMY - 1",7210
1c305a7e-bf4e-424c-8399-505032990d3b,"7210121009200100 - DUMMY - 1",7210
a37b453c-c16c-482f-a10b-b281905df8b6,"7210121009200200 - DUMMY - 1",7210
ad82ace0-a540-4a93-811e-bc3e3b89d713,"7210060001200100 - DUMMY - 1",7210
2529d8a0-415d-44d7-a207-74c31f0291bb,"7210060001200300 - DUMMY - 1",7210
8509a9e3-9481-440d-882a-dce0e4263ad5,"7210060001200200 - DUMMY - 1",7210
679a3f74-66ed-4d39-92e6-39e5c2a99e5b,"7210060001100500 - DUMMY - 1",7210
cbe73426-cd38-4c30-ac3d-498350b96a73,"7210121008200100 - DUMMY - 1",7210
780f38e4-e494-4d9b-9325-6712c1d6b8cf,"7210121008200200 - DUMMY - 1",7210
f7959aff-0e12-41d3-a398-faba85bc3010,"7210080006200100 - DUMMY - 1",7210
a6cc6862-dc9d-4da8-8d23-e094fd138818,"7210080006100800 - DUMMY - 1",7210
12b8006f-e90b-4f38-a7c3-160900283794,"7210080006100500 - DUMMY - 1",7210
8de537ab-a700-4554-bdbb-12d939d090dc,"7210080006100700 - DUMMY - 1",7210
2a0d5a10-4e0e-4696-bea8-b61cbc9fa47d,"7210080006100400 - DUMMY - 1",7210
d76d15df-c43f-4f01-a56f-31c8b77c7d81,"7210080008200400 - DUMMY - 1",7210
a6a05145-9296-4289-a81e-2d7a9ada00c2,"7210080008200100 - DUMMY - 1",7210
1cc894e0-20fb-4dc9-a77e-26922103c72e,"7210080008200200 - DUMMY - 1",7210
1181d1bc-8b50-4925-88ed-500c5c17b61d,"7210050003100200 - DUMMY - 1",7210
c11a7203-673d-4f58-bd7a-82fa23fe1d5f,"7210050003200100 - DUMMY - 1",7210
23d52827-8790-42ef-aa65-6b22d37979a4,"7210030010200200 - DUMMY - 1",7210
94a5383e-f99a-4d98-878e-78a54941334d,"7210030010200100 - DUMMY - 1",7210
ad4c59ed-4200-4f77-b578-0e04f8f2f60e,"7210050004200100 - DUMMY - 1",7210
2227d581-440d-41f6-a211-6d9b86be2ba9,"7210050004100200 - DUMMY - 1",7210
1b42a162-1080-4add-9718-70dff792d35c,"7210150003100100 - DUMMY - 1",7210
6361126f-ebd3-43fc-ac3f-d7c85faad49b,"7210150003100200 - DUMMY - 1",7210
74bbd8bc-ebe5-4f11-a20b-f883a97bd1f5,"7210030003200200 - DUMMY - 1",7210
1b82ed5c-3b64-42b7-aec7-3d0d486b6404,"7210030003200100 - DUMMY - 1",7210
6956db5f-9267-40b0-9ad9-02cb06c3a0a2,"7210090011100100 - DUMMY - 1",7210
8c2e62b0-ba7a-45cb-9b4b-190b375667f6,"7210121011200100 - DUMMY - 1",7210
982dfe99-be31-4077-963b-d38991d3cf97,"7210090009100100 - DUMMY - 1",7210
505b387f-365d-4821-9c35-02a2fc4570a1,"7210120015100600 - DUMMY - 1",7210
6e6b9269-4074-4859-b0b4-4b0ee2bdc75f,"7210120015100500 - DUMMY - 1",7210
006cd1cf-c02f-4013-956f-24ae5ff52fd2,"7210120015100100 - DUMMY - 1",7210
f67a837d-e0c0-41e1-90ff-382aea761256,"7210120015100200 - DUMMY - 1",7210
b595ef2f-83e9-490a-b56c-3d331987964f,"7210140003200100 - DUMMY - 1",7210
d141d209-bbd9-499a-a38c-afef2f760e70,"7210060016200200 - DUMMY - 1",7210
7b4cf5e3-ee23-4ac7-b5a1-4e1df7cad6a5,"7210060016200100 - DUMMY - 1",7210
5324e359-3676-4be5-88ef-bb98e197ce3d,"7210020005100400 - DUMMY - 1",7210
c6a4d5d8-7c23-47ef-9743-cd926b305a4d,"7210020005100300 - DUMMY - 1",7210
45dd557b-0718-45fe-8edc-760d075ae0b1,"7210020005100100 - DUMMY - 1",7210
0e4e2b46-38d4-48df-8d0d-8e21c9bac2fc,"7210030014200200 - DUMMY - 1",7210
b80eabcd-c9df-4ce7-b1db-4e639fc03861,"7210090006200200 - DUMMY - 1",7210
20eaf03d-4f0a-4882-91ca-26cd33629bb1,"7210110007100200 - DUMMY - 1",7210
f59fa30f-6967-4e78-82bf-cbc63d5b7651,"7210110007100100 - DUMMY - 1",7210
7de89c53-adf9-4668-9ec7-d92cc9ad1a1d,"7210110007300300 - DUMMY - 1",7210
b314627c-19cc-47e0-a598-3d13c6ac2ee1,"7210060003200100 - DUMMY - 1",7210
d0ce49f1-a2ea-4ea1-8274-90c9783935d2,"7210080001000100 - DUMMY - 1",7210
34c5360a-9f3c-48bc-af22-6129be82a6b3,"7210080001100500 - DUMMY - 1",7210
ee46b637-3b3d-48bd-a5a5-6207c341e70e,"7210080001100300 - DUMMY - 1",7210
5d9e4d47-bb41-44f9-80c5-3fe62fd2a64d,"7210080001200100 - DUMMY - 1",7210
a524bd82-e8ff-48e0-9ac9-6e6a492e1418,"7210120010200100 - DUMMY - 1",7210
f3d5dbdb-2c47-40e3-8e28-cf60e3513a8d,"7210120010200400 - DUMMY - 1",7210
ce229ecb-d34a-46c6-a18c-dc35e627240c,"7210120010200300 - DUMMY - 1",7210
17dc1508-d025-4cfe-ba35-2379b162b9f0,"7210120010200200 - DUMMY - 1",7210
46a1eaa8-63fe-4f2a-a016-f04a9d23d66a,"7210120010200600 - DUMMY - 1",7210
608dbb59-f5d8-4978-b9ab-9643418f57f5,"7210060002100200 - DUMMY - 1",7210
5e645a45-7c1f-46d8-88f8-46965dc53dc0,"7210060002100100 - DUMMY - 1",7210
15959bdf-2461-4c9f-a90d-9a924a6ae5bb,"7210090001100200 - DUMMY - 1",7210
97e53357-f081-44f0-bec9-3afd4a420773,"7210090001100100 - DUMMY - 1",7210
e51fc984-7b5a-4965-982d-1acf5071e6fe,"7210020003200100 - DUMMY - 1",7210
2e76566f-e230-4e47-bf89-658a6c0db5dc,"7210020003200200 - DUMMY - 1",7210
5dcf8600-f46e-4f35-a843-d29c19b151a8,"7210121002100200 - DUMMY - 1",7210
81543fb5-5f1a-47eb-8bd8-73e3241d62b5,"7210120009300400 - DUMMY - 1",7210
f19947b1-371c-4ff7-856d-0e5af2140a94,"7210120009100100 - DUMMY - 1",7210
a04a4118-9736-47ce-a6eb-0d3e17edef7d,"7210120009300300 - DUMMY - 1",7210
b5d77297-f996-4314-832c-b884f4fee2e9,"7210130011100200 - DUMMY - 1",7210
37d6344e-600f-42f5-8bf3-b08d9b276f42,"7210130011200300 - DUMMY - 1",7210
bf9a105b-11a9-440b-aedf-28e54af34a2c,"7210030011200100 - DUMMY - 1",7210
69b30208-8dc5-474e-8804-53e870f84e8b,"7210030011200200 - DUMMY - 1",7210
c7ba01cf-e086-477d-89c3-707f464daffe,"7210120014200100 - DUMMY - 1",7210
749ba807-7bbe-4316-be8f-8c1eb29901bb,"7211070009200100 - DUMMY - 1",7211
3dd71e42-e813-4120-9402-ee09f860a54d,"7211070011200100 - DUMMY - 1",7211
89290011-36ea-48cf-a960-4cd8a68a8cf2,"7211070007200100 - DUMMY - 1",7211
475ced0d-53bb-4493-bd6a-9601e328000d,"7211010008100100 - DUMMY - 1",7211
ea465a03-15e0-43a8-8b97-928246641840,"7211020006100100 - DUMMY - 1",7211
636d9f00-a3d2-4fef-bc3a-00043a661dc5,"7211030003100100 - DUMMY - 1",7211
64280f05-f444-4335-97d4-9b7528775c54,"7211040008100100 - DUMMY - 1",7211
9cd0e99b-f917-4254-97e5-48995439f8ac,"7211070014200100 - DUMMY - 1",7211
efc429fa-3e27-4198-9a9b-21eb2528529d,"7211060002200100 - DUMMY - 1",7211
31331972-3588-4353-9a18-c7bd2829f552,"7211070003200100 - DUMMY - 1",7211
3f7f3da2-5767-4699-a232-2dee77582e2f,"7211020001100100 - DUMMY - 1",7211
ad21a917-0cf6-4eb1-9142-6d027af3b195,"7211020008100100 - DUMMY - 1",7211
795ec143-457f-41ae-8a5c-adb7db78ab38,"7211070004200100 - DUMMY - 1",7211
19308905-0281-4116-aeaf-b477c79dbc1c,"7211070002200100 - DUMMY - 1",7211
4eae2633-bfad-4862-918e-c028e154b8f1,"7211010004200100 - DUMMY - 1",7211
551d28cc-4593-419b-84e0-1d5da2f8e203,"7211030005100100 - DUMMY - 1",7211
12536a08-70a7-4742-a314-852be3becbaa,"7211030001100100 - DUMMY - 1",7211
b13be09d-e41d-4d5f-8acb-a14e35d1a03a,"7211060006200100 - DUMMY - 1",7211
aafa1c86-41b1-4e55-b915-ddebce786d36,"7211020002100100 - DUMMY - 1",7211
8d112256-20c3-44cd-aec8-ce179c00cb93,"7211010007200100 - DUMMY - 1",7211
7c6fa075-a00b-40e9-ac95-ab558051d7b3,"7211070005200100 - DUMMY - 1",7211
087e7a7e-0278-4dd2-a9bc-6b0870efae69,"7211070006200100 - DUMMY - 1",7211
6cb7ec66-af01-41a0-ac3d-e5137b6c3cf8,"7211010005200100 - DUMMY - 1",7211
7c24c46a-81a9-4220-8c00-befd4d451021,"7211060001200100 - DUMMY - 1",7211
40936f13-ec5d-447d-a948-a40637d4fbcc,"7211070012200100 - DUMMY - 1",7211
65f92854-7580-4f52-8957-71e1fa6a3929,"7211030004100100 - DUMMY - 1",7211
ea8638ba-23b6-42f2-8951-c98a6d2dcc17,"7211070010200100 - DUMMY - 1",7211
2bbb5a9e-8da0-4da2-b5b4-94ee35197d57,"7211010001200100 - DUMMY - 1",7211
3d0eb63e-8f63-4928-aa6c-25e6aa2c76f3,"7211060004200100 - DUMMY - 1",7211
e969b2c0-20c2-4890-9379-8e24f4c984d9,"7211020003100100 - DUMMY - 1",7211
d7adf992-77e9-459a-9ab9-0845efef204e,"7211010006100100 - DUMMY - 1",7211
77fe9b4f-1711-45e4-8281-6002ed147ee3,"7211010010200100 - DUMMY - 1",7211
10b91ec8-27ff-4b75-9939-d35442d88e69,"7211020007100100 - DUMMY - 1",7211
59e48de8-363c-4b87-8967-a1f5b4f6107c,"7212030005100200 - DUMMY - 1",7212
7363d57c-c2eb-4169-8618-0150f889147f,"7212060009100200 - DUMMY - 1",7212
4e7477a5-a854-435b-98ca-976c3d4cd815,"7212060009100100 - DUMMY - 1",7212
e0e2f857-f4b0-49ad-897e-98337ef242e5,"7212080004200300 - DUMMY - 1",7212
5aeaaebe-1386-4b9a-84b4-30025092f680,"7212020003100100 - DUMMY - 1",7212
2bdbb29a-b2c1-4d68-8975-6bdff5553611,"7212040008200100 - DUMMY - 1",7212
d02dd503-7d69-4986-b814-8b87c9b879fb,"7212090003200200 - DUMMY - 1",7212
eb094526-4b1f-40b3-8ce5-96f7e57010bb,"7212080008100100 - DUMMY - 1",7212
482f0ec3-645c-4153-a90f-35e3e784bb22,"7212090021200200 - DUMMY - 1",7212
22800857-18cc-4f1c-9ae2-65e4e99ee564,"7212090021100100 - DUMMY - 1",7212
c0a1d762-5b4d-42a6-a56b-d2dbcb02b9c8,"7212100009200300 - DUMMY - 1",7212
a8e0fc9c-be6d-4181-b8a5-3762ed989710,"7212040002100100 - DUMMY - 1",7212
07776921-1a5b-409b-bbcd-c416141adf01,"7212040002200200 - DUMMY - 1",7212
42189c8f-a242-4ffe-b4f8-f234a92893fe,"7212030006100100 - DUMMY - 1",7212
14cacaa2-1936-446a-9744-0c18e4dc1261,"7212060006200200 - DUMMY - 1",7212
27968262-fd25-450a-80c6-fa9adf45404b,"7212060006200100 - DUMMY - 1",7212
ab9f900e-d53b-4107-9a31-beed6df7dd55,"7212020001100100 - DUMMY - 1",7212
f2955e68-274c-4f75-9aa7-9faa37d36445,"7212090022200100 - DUMMY - 1",7212
418a5a96-85db-4f21-b62f-999219477909,"7212020006100100 - DUMMY - 1",7212
af683132-60c4-4a6a-9640-50cf339141e0,"7212040009200100 - DUMMY - 1",7212
99ee8dc9-2fb0-45e2-8fa3-9d64a8139305,"7212090001200200 - DUMMY - 1",7212
b8b6fc7e-c04d-45e5-8462-2c5c964cece7,"7212060008100200 - DUMMY - 1",7212
69c71473-e3f6-4834-89bc-d2ab3f43eafc,"7212030002100100 - DUMMY - 1",7212
124f7eff-f8b8-47a4-ab4c-f4015d8cc321,"7212030003100100 - DUMMY - 1",7212
2a7e2ce0-7f7c-4f9d-a813-7b8c6cb214d5,"7212060005200200 - DUMMY - 1",7212
d411437b-c246-4535-a3c5-a14e58037dd1,"7212060005100100 - DUMMY - 1",7212
8027ffd0-1e36-4ebe-98ef-c8f0a2f83920,"7212060004200100 - DUMMY - 1",7212
911a4b48-2373-480e-9438-a25c43c159df,"7212100004100200 - DUMMY - 1",7212
2e1cdf76-385d-4a45-b587-fd667f0b6a7b,"7212100004200100 - DUMMY - 1",7212
254adf80-c179-47d6-9731-8c88fb29a1bf,"7212100003200200 - DUMMY - 1",7212
3cc8bdda-5abc-44dc-860a-c766c5ebf3df,"7212100003100100 - DUMMY - 1",7212
6f2aaad6-4807-44e1-82ff-2e55b3f200e4,"7212080009100200 - DUMMY - 1",7212
5acb51aa-7171-43b4-8604-27c5a161bc4c,"7212050005000800 - DUMMY - 1",7212
e6891963-00fb-45a9-80bd-265d783f9529,"7212050005000700 - DUMMY - 1",7212
454420ea-421c-428f-b2e7-927068c2ad61,"7212050005000600 - DUMMY - 1",7212
3f00d317-a2d6-4bad-9cba-648402b401d7,"7212020014200200 - DUMMY - 1",7212
80f008d3-6581-489c-b70a-a796938ee53d,"7212020010200100 - DUMMY - 1",7212
db91b0d7-9a0c-48b5-919a-23bd0901f58e,"7212020010100200 - DUMMY - 1",7212
d1a24e74-db52-456d-83c6-195c06b42d2c,"7212090023200100 - DUMMY - 1",7212
2f970705-291b-4db1-bf47-9a51a674acc2,"7212010008200100 - DUMMY - 1",7212
d4ce0e3d-4339-4a65-beb7-5eb050261bc2,"7212090019200100 - DUMMY - 1",7212
c90109ad-7536-46bf-bb0d-2eebbc615600,"7212060001200200 - DUMMY - 1",7212
b4b35d49-f698-47e2-b95a-cbeb5caea947,"7212060001100100 - DUMMY - 1",7212
38fa42ab-7dba-47ba-9dcb-e59ff160d34b,"7212080006200200 - DUMMY - 1",7212
43c4057f-12fa-4805-9ea1-30fc9e6487bf,"7212080006200100 - DUMMY - 1",7212
5429f9ea-da8c-4e7b-b193-890cdb8e5a91,"7212010010200200 - DUMMY - 1",7212
1bdf54cc-1556-4733-8a21-6a3bc347f36d,"7212040004100100 - DUMMY - 1",7212
ff92e471-3a60-44e6-bcc0-bc598f1add22,"7212020009200300 - DUMMY - 1",7212
1325bdef-31e8-4392-86e9-c488e0d240b6,"7212090010100100 - DUMMY - 1",7212
1722bc43-d439-4bed-9778-d38d7f8297ae,"7212090016100100 - DUMMY - 1",7212
5450e293-23f6-4bd7-8b91-156c96c3e677,"7212100008200200 - DUMMY - 1",7212
c1a8c16f-8663-4c7a-8ef2-d5894bcbeb61,"7212100008100100 - DUMMY - 1",7212
3bff654b-418d-41ba-bb6e-4e56156655e5,"7212090015200300 - DUMMY - 1",7212
f637cc65-b8ca-4d78-8a3b-c5ec53189779,"7212090015600200 - DUMMY - 1",7212
340dd181-13ff-4882-b633-83cb3cfb36b0,"7212080005100100 - DUMMY - 1",7212
895725cd-b6fb-4a1f-a799-8d4d2d66780a,"7212100010100100 - DUMMY - 1",7212
c0449277-cace-4470-a451-5d8cbb0da092,"7212100010200200 - DUMMY - 1",7212
bc053464-2e61-4579-a8e4-9e694c875c7e,"7212030001100100 - DUMMY - 1",7212
a61c12dc-b629-4332-9ea4-b62486fe8324,"7212100007100100 - DUMMY - 1",7212
6831e706-d25d-4f09-bb62-1be205cc4773,"7212040005100100 - DUMMY - 1",7212
d27db9b7-1570-4da4-bb58-866cee197f9d,"7212040005200200 - DUMMY - 1",7212
e887518d-dbf1-442d-a0f5-488cdb4b62af,"7212040012200300 - DUMMY - 1",7212
bcb08c1e-2ef0-4e90-95d2-235635793141,"7212040011100200 - DUMMY - 1",7212
5688b5e2-71d4-40a4-9835-28fc88daac5e,"7271041004200100 - DUMMY - 1",7271
3a75a887-b83d-41e2-82ad-59e87b0debf7,"7271041003001105 - DUMMY - 1",7271
5b8727e9-06da-4d27-ab8e-7d9a6c1f18eb,"7271010011600100 - DUMMY - 1",7271
c5deb7c6-7996-478f-90fa-40a6606c3be8,"7271031006200104 - DUMMY - 1",7271
d8a8cd62-2b84-49aa-9e90-439fce25479d,"7271031006200103 - DUMMY - 1",7271
a16b5b61-ca93-4491-9c46-16686b5128e6,"7271031006200102 - DUMMY - 1",7271
518ef8bc-5395-4f07-bb85-bcaa8c11dc41,"7271011001003303 - DUMMY - 1",7271
1fa5e763-463f-47ce-a160-188f9211560f,"7271012002200100 - DUMMY - 1",7271
7d1dacb3-7bef-4a5b-b76d-b1f11c94f90b,"7271031004200200 - DUMMY - 1",7271
