Kabupaten,Kecamatan,Total Prelist,Total Draft,Total Open,Total Submitted,Total Rejected,Total Approved,Submitted Pencacah,Submitted Respondent,Persentase,Today Completed,Yesterday Completed,New Usaha,New Rumah
[01] BANGGAI KEPULAUAN,[000] -,270,122,96,52,0,0,0,52,19.26,0,0,129,0
[01] BANGGAI KEPULAUAN,[030] TOTIKUM,4735,256,1753,2726,79,1851,792,4,57.57,0,0,341,157
[01] BANGGAI KEPULAUAN,[031] TOTIKUM SELATAN,3537,291,1282,1964,267,1149,547,1,55.53,0,0,200,113
[01] BANGGAI KEPULAUAN,[040] TINANGKUNG,8575,394,2925,5256,111,3153,1968,24,61.29,0,0,1027,474
[01] BANGGAI KEPULAUAN,[041] TINANGKUNG SELATAN,3139,286,1070,1783,195,767,820,1,56.8,0,0,249,119
[01] BANGGAI KEPULAUAN,[042] TINANGKUNG UTARA,3602,117,1160,2325,82,1325,918,0,64.55,0,0,221,101
[01] BANGGAI KEPULAUAN,[050] LIANG,4173,32,1517,2624,232,1597,794,1,62.88,0,0,318,225
[01] BANGGAI KEPULAUAN,[051] PELING TENGAH,4006,40,1076,2890,94,1954,840,2,72.14,0,0,237,229
[01] BANGGAI KEPULAUAN,[060] BULAGI,4240,186,1045,3009,42,1795,1171,1,70.97,0,0,288,314
[01] BANGGAI KEPULAUAN,[061] BULAGI SELATAN,4151,168,1780,2203,46,1697,459,1,53.07,0,0,312,117
[01] BANGGAI KEPULAUAN,[062] BULAGI UTARA,3645,124,1342,2179,38,1835,304,2,59.78,0,0,217,105
[01] BANGGAI KEPULAUAN,[070] BUKO,4189,218,1484,2487,120,1184,1182,1,59.37,0,0,295,158
[01] BANGGAI KEPULAUAN,[071] BUKO SELATAN,3460,141,1361,1958,52,1594,312,0,56.59,0,0,254,147
[02] BANGGAI,[000] -,1,0,1,0,0,0,0,0,0.0,0,0,0,0
[02] BANGGAI,[010] TOILI,9091,228,3838,5025,229,3661,1134,1,55.27,0,0,261,221
[02] BANGGAI,[011] TOILI BARAT,9902,468,3389,6045,89,4270,1686,0,61.05,0,0,564,208
[02] BANGGAI,[012] MOILONG,8224,394,3311,4519,74,2927,1518,0,54.95,0,0,261,196
[02] BANGGAI,[013] TOILI JAYA,6480,140,2567,3773,92,2798,883,0,58.23,0,0,369,132
[02] BANGGAI,[020] BATUI,7099,418,3101,3580,46,2915,619,0,50.43,0,0,319,120
[02] BANGGAI,[021] BATUI SELATAN,5887,72,2340,3475,266,1454,1755,0,59.03,0,0,220,127
[02] BANGGAI,[030] BUNTA,8285,567,3424,4294,556,988,2750,0,51.83,0,0,406,172
[02] BANGGAI,[031] NUHON,7564,212,2824,4528,183,653,3692,0,59.86,0,0,166,313
[02] BANGGAI,[032] SIMPANG RAYA,6571,219,1782,4570,27,1737,2806,0,69.55,0,0,322,164
[02] BANGGAI,[040] KINTOM,4811,189,1385,3237,119,1632,1486,0,67.28,0,0,215,178
[02] BANGGAI,[050] LUWUK,18871,812,8323,9736,687,3326,5721,2,51.59,0,0,863,819
[02] BANGGAI,[051] LUWUK TIMUR,5292,87,2484,2721,358,1770,593,0,51.42,0,0,260,155
[02] BANGGAI,[052] LUWUK UTARA,9842,275,4113,5454,453,2614,2387,0,55.42,0,0,543,292
[02] BANGGAI,[053] LUWUK SELATAN,14205,767,6681,6757,135,3043,3578,1,47.57,0,0,667,656
[02] BANGGAI,[054] NAMBO,4747,38,1500,3209,247,1108,1854,0,67.6,0,0,188,66
[02] BANGGAI,[060] PAGIMANA,9632,252,4319,5061,235,1590,3236,0,52.54,0,0,363,143
[02] BANGGAI,[061] BUALEMO,7314,229,2401,4684,432,4086,166,0,64.04,0,0,428,282
[02] BANGGAI,[062] LOBU,1619,0,724,895,27,205,663,0,55.28,0,0,45,15
[02] BANGGAI,[070] LAMALA,2620,35,1149,1436,28,918,490,0,54.81,0,0,133,67
[02] BANGGAI,[071] MASAMA,5333,281,2229,2823,423,1222,1178,0,52.93,0,0,210,117
[02] BANGGAI,[072] MANTOH,2927,35,773,2119,319,443,1357,0,72.39,0,0,233,88
[02] BANGGAI,[080] BALANTAK,3019,1,565,2453,298,919,1236,0,81.25,0,0,215,92
[02] BANGGAI,[081] BALANTAK SELATAN,2264,103,922,1239,287,389,563,0,54.73,0,0,95,84
[02] BANGGAI,[082] BALANTAK UTARA,2052,0,591,1461,166,464,831,0,71.2,0,0,146,103
[03] MOROWALI,[010] MENUI KEPULAUAN,2441,182,531,1728,44,1665,19,0,70.79,0,0,35,20
[03] MOROWALI,[011] SOMBORI KEPULAUAN,1266,290,738,238,0,0,238,0,18.8,0,0,87,4
[03] MOROWALI,[020] BUNGKU SELATAN,4163,191,1466,2506,17,2340,149,0,60.2,0,0,274,137
[03] MOROWALI,[021] BAHODOPI,17846,623,7512,9711,113,6430,3168,0,54.42,0,0,1716,1724
[03] MOROWALI,[022] BUNGKU PESISIR,2329,106,1455,768,7,243,518,0,32.98,0,0,81,106
[03] MOROWALI,[030] BUNGKU TENGAH,12687,530,6518,5639,112,2220,3307,0,44.45,0,0,853,787
[03] MOROWALI,[031] BUNGKU TIMUR,5089,133,2238,2718,59,1197,1462,0,53.41,0,0,395,85
[03] MOROWALI,[040] BUNGKU BARAT,6260,259,2712,3289,15,2454,820,0,52.54,0,0,514,293
[03] MOROWALI,[041] BUMI RAYA,5601,294,2671,2636,165,1990,481,0,47.06,0,0,428,381
[03] MOROWALI,[042] WITA PONDA,7146,278,3521,3347,72,2419,856,0,46.84,0,0,285,182
[04] POSO,[000] -,167,69,59,39,0,0,0,39,23.35,0,0,101,0
[04] POSO,[010] PAMONA SELATAN,9972,1076,3236,5660,631,4590,438,1,56.76,0,0,340,214
[04] POSO,[011] PAMONA BARAT,4297,147,1497,2653,130,2068,454,1,61.74,0,0,134,156
[04] POSO,[012] PAMONA TENGGARA,3439,121,1349,1969,137,1795,36,1,57.26,0,0,111,58
[04] POSO,[020] LORE SELATAN,2705,0,931,1774,97,1544,132,1,65.58,0,0,30,14
[04] POSO,[021] LORE BARAT,1288,0,409,879,17,804,58,0,68.25,0,0,32,22
[04] POSO,[030] PAMONA PUSALEMBA,10704,397,4245,6062,333,4439,1290,0,56.63,0,0,414,309
[04] POSO,[031] PAMONA TIMUR,5606,187,2026,3393,205,1834,1354,0,60.52,0,0,217,171
[04] POSO,[032] PAMONA UTARA,6771,13,2710,4048,87,3355,605,1,59.78,0,0,273,176
[04] POSO,[040] LORE UTARA,6422,94,2671,3657,131,2529,997,0,56.94,0,0,296,405
[04] POSO,[041] LORE TENGAH,2129,48,994,1087,17,823,246,1,51.06,0,0,65,23
[04] POSO,[042] LORE TIMUR,2682,27,1347,1308,53,1211,44,0,48.77,0,0,110,58
[04] POSO,[043] LORE PEORE,1727,0,676,1051,25,708,318,0,60.86,0,0,35,52
[04] POSO,[050] POSO PESISIR,11462,1158,4557,5747,680,3495,1572,0,50.14,0,0,358,335
[04] POSO,[051] POSO PESISIR SELATAN,4479,14,2235,2230,38,2127,65,0,49.79,0,0,134,122
[04] POSO,[052] POSO PESISIR UTARA,7252,331,2517,4404,94,3173,1137,0,60.73,0,0,254,142
[04] POSO,[060] LAGE,9482,204,3862,5416,936,3214,1265,1,57.12,0,0,259,281
[04] POSO,[070] POSO KOTA,12245,323,5524,6398,470,4634,1294,0,52.25,0,0,400,270
[04] POSO,[071] POSO KOTA UTARA,8035,133,3735,4167,450,2821,894,2,51.86,0,0,312,218
[04] POSO,[072] POSO KOTA SELATAN,6697,182,2765,3750,138,2251,1361,0,56.0,0,0,207,306
[05] DONGGALA,[041] RIO PAKAVA,9026,445,3195,5386,84,5090,212,0,59.67,0,0,529,406
[05] DONGGALA,[051] PINEMBANI,1477,34,742,701,21,663,17,0,47.46,0,0,112,32
[05] DONGGALA,[080] BANAWA,17446,399,6771,10276,63,9616,592,5,58.9,0,0,746,605
[05] DONGGALA,[081] BANAWA SELATAN,11025,188,3253,7584,146,6777,661,0,68.79,0,0,643,430
[05] DONGGALA,[082] BANAWA TENGAH,4676,301,1929,2446,19,2318,109,0,52.31,0,0,265,97
[05] DONGGALA,[090] LABUAN,6635,11,3139,3485,85,2481,919,0,52.52,0,0,251,338
[05] DONGGALA,[091] TANANTOVEA,6817,163,2725,3929,81,3580,268,0,57.64,0,0,337,244
[05] DONGGALA,[100] SINDUE,9798,121,3537,6140,105,4593,1442,0,62.67,0,0,453,291
[05] DONGGALA,[101] SINDUE TOMBUSABORA,5342,53,1754,3535,21,3366,148,0,66.17,0,0,305,276
[05] DONGGALA,[102] SINDUE TOBATA,4194,68,1153,2973,3,2804,166,0,70.89,0,0,241,197
[05] DONGGALA,[120] SIRENJA,8457,93,2690,5674,100,4268,1306,0,67.09,0,0,378,463
[05] DONGGALA,[130] BALAESANG,9602,259,3449,5894,72,5417,405,0,61.38,0,0,470,376
[05] DONGGALA,[131] BALAESANG TANJUNG,4572,54,1680,2838,34,2748,56,0,62.07,0,0,208,221
[05] DONGGALA,[140] DAMPELAS,12698,217,5249,7232,108,6245,879,0,56.95,0,0,786,390
[05] DONGGALA,[160] SOJOL,10287,373,4504,5410,448,2098,2864,0,52.59,0,0,455,264
[05] DONGGALA,[161] SOJOL UTARA,4082,43,1258,2781,6,2439,336,0,68.13,0,0,129,114
[06] TOLI-TOLI,[010] DAMPAL SELATAN,9142,56,3703,5383,113,3958,1312,0,58.88,0,0,634,439
[06] TOLI-TOLI,[020] DAMPAL UTARA,5768,220,2318,3230,22,2720,488,0,56.0,0,0,341,363
[06] TOLI-TOLI,[030] DONDO,9521,282,2954,6285,23,5560,702,0,66.01,0,0,590,487
[06] TOLI-TOLI,[031] OGODEIDE,5255,67,2007,3181,8,3053,120,0,60.53,0,0,399,419
[06] TOLI-TOLI,[032] BASIDONDO,4364,300,1414,2650,8,2459,183,0,60.72,0,0,359,180
[06] TOLI-TOLI,[040] BAOLAN,27026,1247,11397,14382,513,11071,2798,0,53.22,0,0,2260,1595
[06] TOLI-TOLI,[041] LAMPASIO,4904,138,2156,2610,66,2094,450,0,53.22,0,0,388,155
[06] TOLI-TOLI,[050] GALANG,15196,652,6032,8512,106,7513,893,0,56.01,0,0,1289,761
[06] TOLI-TOLI,[060] TOLITOLI UTARA,7863,92,3166,4605,32,4120,453,0,58.57,0,0,616,409
[06] TOLI-TOLI,[061] DAKO PEMEAN,3966,240,1512,2214,64,1974,176,0,55.82,0,0,344,187
[07] BUOL,[000] -,133,68,39,26,0,0,0,26,19.55,0,0,42,0
[07] BUOL,[010] LAKEA,4880,159,1746,2975,353,2123,498,1,60.96,0,0,419,248
[07] BUOL,[011] BIAU,15256,861,6358,8037,449,6381,1201,6,52.68,0,0,1290,448
[07] BUOL,[012] KARAMAT,3976,188,1625,2163,104,1970,87,2,54.4,0,0,241,90
[07] BUOL,[020] MOMUNU,7152,566,2425,4161,140,3352,668,1,58.18,0,0,457,243
[07] BUOL,[021] TILOAN,3990,117,1564,2309,61,1730,517,1,57.87,0,0,322,153
[07] BUOL,[030] BOKAT,7363,422,2943,3998,176,3619,199,4,54.3,0,0,533,224
[07] BUOL,[031] BUKAL,5993,306,2474,3213,105,2973,133,2,53.61,0,0,446,96
[07] BUOL,[040] BUNOBOGU,4172,338,1528,2306,46,2046,214,0,55.27,0,0,359,102
[07] BUOL,[041] GADUNG,5178,233,1679,3266,46,2250,969,1,63.07,0,0,552,77
[07] BUOL,[050] PALELEH,5556,606,2112,2838,69,2657,111,1,51.08,0,0,399,126
[07] BUOL,[051] PALELEH BARAT,2588,213,856,1519,44,1279,195,1,58.69,0,0,204,102
[08] PARIGI MOUTONG,[010] SAUSU,8885,320,3495,5070,239,2620,2211,0,57.06,0,0,633,272
[08] PARIGI MOUTONG,[011] TORUE,9695,203,3078,6414,286,3778,2350,0,66.16,0,0,718,285
[08] PARIGI MOUTONG,[012] BALINGGI,7410,1,2786,4623,200,2132,2291,0,62.39,0,0,337,64
[08] PARIGI MOUTONG,[020] PARIGI,14689,217,7366,7106,591,3457,3054,4,48.38,0,0,692,524
[08] PARIGI MOUTONG,[021] PARIGI SELATAN,9698,87,4678,4933,433,3599,901,0,50.87,0,0,375,394
[08] PARIGI MOUTONG,[022] PARIGI BARAT,3214,47,1633,1534,30,1163,341,0,47.73,0,0,164,49
[08] PARIGI MOUTONG,[023] PARIGI UTARA,2507,51,763,1693,21,1001,671,0,67.53,0,0,127,30
[08] PARIGI MOUTONG,[024] PARIGI TENGAH,3745,253,1129,2363,53,1393,917,0,63.1,0,0,183,115
[08] PARIGI MOUTONG,[030] AMPIBABO,9996,173,3043,6780,24,6310,446,0,67.83,0,0,525,384
[08] PARIGI MOUTONG,[031] KASIMBAR,10160,347,4288,5525,156,3785,1584,0,54.38,0,0,469,359
[08] PARIGI MOUTONG,[032] TORIBULU,7004,27,2007,4970,525,3623,822,0,70.96,0,0,337,354
[08] PARIGI MOUTONG,[033] SINIU,4457,139,1472,2846,243,1221,1382,0,63.85,0,0,222,272
[08] PARIGI MOUTONG,[040] TINOMBO,9106,284,3164,5658,119,5020,519,0,62.13,0,0,600,282
[08] PARIGI MOUTONG,[041] TINOMBO SELATAN,12651,784,4112,7755,134,4476,3145,0,61.3,0,0,908,482
[08] PARIGI MOUTONG,[042] SIDOAN,6066,428,2490,3148,58,2678,412,0,51.9,0,0,327,197
[08] PARIGI MOUTONG,[050] TOMINI,7497,140,3017,4340,72,3876,392,0,57.89,0,0,365,173
[08] PARIGI MOUTONG,[051] MEPANGA,13274,854,5096,7324,307,4219,2798,0,55.18,0,0,732,457
[08] PARIGI MOUTONG,[052] PALASA,10761,108,4753,5900,183,5605,112,0,54.83,0,0,630,317
[08] PARIGI MOUTONG,[060] MOUTONG,9629,99,3961,5569,699,3090,1780,0,57.84,0,0,340,156
[08] PARIGI MOUTONG,[061] BOLANO LAMBUNU,9612,257,3242,6113,15,4240,1858,0,63.6,0,0,609,414
[08] PARIGI MOUTONG,[062] TAOPA,6354,364,2677,3313,326,2133,854,0,52.14,0,0,174,115
[08] PARIGI MOUTONG,[063] BOLANO,7390,234,2647,4509,270,2196,2043,0,61.01,0,0,504,228
[08] PARIGI MOUTONG,[064] ONGKA MALINO,8620,88,3027,5505,247,4533,725,0,63.86,0,0,526,388
[09] TOJO UNA-UNA,[000] -,14,8,3,3,0,0,0,3,21.43,0,0,0,0
[09] TOJO UNA-UNA,[010] TOJO BARAT,5607,183,1944,3480,429,1904,1147,0,62.07,0,0,387,208
[09] TOJO UNA-UNA,[020] TOJO,5857,107,1956,3794,66,3062,666,0,64.78,0,0,407,215
[09] TOJO UNA-UNA,[030] ULUBONGKA,7862,45,2765,5052,58,4163,830,1,64.26,0,0,629,255
[09] TOJO UNA-UNA,[040] AMPANA TETE,11518,91,3717,7710,363,6487,860,0,66.94,0,0,692,206
[09] TOJO UNA-UNA,[050] AMPANA KOTA,9386,419,3284,5683,837,3739,1105,2,60.55,0,0,591,402
[09] TOJO UNA-UNA,[051] RATOLINDO,12849,145,5282,7422,903,5275,1242,2,57.76,0,0,647,664
[09] TOJO UNA-UNA,[060] UNA - UNA,2893,86,1448,1359,309,711,339,0,46.98,0,0,216,165
[09] TOJO UNA-UNA,[061] BATUDAKA,2066,2,714,1350,150,518,682,0,65.34,0,0,117,53
[09] TOJO UNA-UNA,[070] TOGEAN,3618,131,1391,2096,65,1424,607,0,57.93,0,0,255,74
[09] TOJO UNA-UNA,[080] WALEA KEPULAUAN,1826,143,635,1048,71,703,274,0,57.39,0,0,138,84
[09] TOJO UNA-UNA,[081] WALEA BESAR,1535,13,506,1016,60,514,442,0,66.19,0,0,88,33
[09] TOJO UNA-UNA,[082] TALATAKO,2007,30,867,1110,232,603,275,0,55.31,0,0,49,88
[10] SIGI,[000] -,15,0,0,15,0,0,9,6,100.0,0,0,15,0
[10] SIGI,[010] PIPIKORO,3554,0,1242,2312,15,1728,569,0,65.05,0,0,135,32
[10] SIGI,[020] KULAWI SELATAN,3799,12,1896,1891,20,1334,537,0,49.78,0,0,180,54
[10] SIGI,[030] KULAWI,6580,13,3251,3316,249,3015,52,0,50.4,0,0,197,104
[10] SIGI,[040] LINDU,2146,3,1109,1034,18,977,39,0,48.18,0,0,112,12
[10] SIGI,[050] NOKILALAKI,2494,13,876,1605,3,1489,113,0,64.35,0,0,106,59
[10] SIGI,[060] PALOLO,12676,344,5848,6484,128,5988,368,0,51.15,0,0,468,281
[10] SIGI,[070] GUMBASA,6388,163,2183,4042,283,2574,1185,0,63.27,0,0,211,162
[10] SIGI,[080] DOLO SELATAN,7863,144,2746,4973,108,3383,1482,0,63.25,0,0,373,258
[10] SIGI,[090] DOLO BARAT,7654,304,2502,4848,67,4184,597,0,63.34,0,0,432,291
[10] SIGI,[100] TANAMBULAVA,4781,87,1364,3330,17,2409,904,0,69.65,0,0,193,100
[10] SIGI,[110] DOLO,10639,185,4682,5772,315,4072,1385,0,54.25,0,0,372,266
[10] SIGI,[120] SIGI BIROMARU,21967,394,9252,12321,186,10527,1608,0,56.09,0,0,1298,560
[10] SIGI,[121] SIGI KOTA,7948,343,3264,4341,27,4156,158,0,54.62,0,0,397,316
[10] SIGI,[130] MARAWOLA,14028,211,6556,7261,197,6657,405,2,51.76,0,0,655,615
[10] SIGI,[140] MARAWOLA BARAT,2491,26,946,1519,2,1503,14,0,60.98,0,0,144,36
[10] SIGI,[150] KINOVARO,4704,66,1774,2864,155,1917,792,0,60.88,0,0,144,118
[11] BANGGAI LAUT,[000] -,5,1,1,3,0,0,0,3,60.0,0,0,2,0
[11] BANGGAI LAUT,[010] BANGKURUNG,3786,27,1213,2546,24,2296,226,0,67.25,0,0,232,89
[11] BANGGAI LAUT,[020] LABOBO,2317,66,980,1271,8,1220,43,0,54.86,0,0,130,48
[11] BANGGAI LAUT,[030] BANGGAI UTARA,3117,81,753,2283,17,1637,629,0,73.24,0,0,171,83
[11] BANGGAI LAUT,[040] BANGGAI,11598,156,3986,7456,37,6676,722,21,64.29,0,0,370,549
[11] BANGGAI LAUT,[050] BANGGAI TENGAH,3781,1,1207,2573,9,2346,218,0,68.05,0,0,142,168
[11] BANGGAI LAUT,[060] BANGGAI SELATAN,2459,3,800,1656,13,1448,195,0,67.34,0,0,68,106
[11] BANGGAI LAUT,[070] BOKAN KEPULAUAN,4746,101,2091,2554,13,2468,73,0,53.81,0,0,261,163
[12] MOROWALI UTARA,[000] -,1,0,1,0,0,0,0,0,0.0,0,0,1,0
[12] MOROWALI UTARA,[010] MORI ATAS,4534,57,2297,2180,27,1974,179,0,48.08,0,0,84,56
[12] MOROWALI UTARA,[020] LEMBO,5998,63,2968,2967,5,2881,81,0,49.47,0,0,285,92
[12] MOROWALI UTARA,[030] LEMBO RAYA,3225,123,1031,2071,13,1911,147,0,64.22,0,0,249,51
[12] MOROWALI UTARA,[040] PETASIA TIMUR,7795,114,4008,3673,43,2909,720,1,47.12,0,0,430,207
[12] MOROWALI UTARA,[050] PETASIA,8068,302,4111,3655,24,1180,2451,0,45.3,0,0,414,188
[12] MOROWALI UTARA,[060] PETASIA BARAT,2822,2,1507,1313,66,1095,152,0,46.53,0,0,120,57
[12] MOROWALI UTARA,[070] MORI UTARA,3244,109,1060,2075,130,1219,726,0,63.96,0,0,92,124
[12] MOROWALI UTARA,[080] SOYO JAYA,3453,62,1466,1925,72,1598,255,0,55.75,0,0,185,122
[12] MOROWALI UTARA,[090] BUNGKU UTARA,5162,11,2313,2838,88,2353,397,0,54.98,0,0,237,72
[12] MOROWALI UTARA,[100] MAMOSALATO,3569,11,1609,1949,665,855,429,0,54.61,0,0,191,19
[71] PALU,[000] -,59,21,11,27,0,0,0,27,45.76,0,0,12,0
[71] PALU,[010] PALU BARAT,23553,562,10966,12025,209,7048,4765,3,51.06,0,0,1030,831
[71] PALU,[011] TATANGA,27144,808,13566,12770,772,8053,3942,3,47.05,0,0,792,1031
[71] PALU,[012] ULUJADI,17551,730,8134,8687,186,6527,1973,1,49.5,0,0,693,955
[71] PALU,[020] PALU SELATAN,37061,2377,19715,14969,627,11211,3125,6,40.39,0,0,1731,986
[71] PALU,[030] PALU TIMUR,23914,1156,10788,11970,619,8691,2657,3,50.05,0,0,567,894
[71] PALU,[031] MANTIKULORE,46302,2034,24492,19776,623,15786,3364,3,42.71,0,0,1870,1803
[71] PALU,[040] PALU UTARA,11677,610,6038,5029,80,3899,1048,2,43.07,0,0,339,399
[71] PALU,[041] TAWAELI,10379,451,4746,5182,83,2975,2122,2,49.93,0,0,303,261
