Kabupaten,Kecamatan,Total Target,Submitted by Pencacah,Approved by Pengawas,Submitted Respondent,Edited by Admin,Rejected by Pengawas,Draft,Open,Total Selesai,Belum Selesai,% Capaian
[01] BANGGAI KEPULAUAN,BUKO SELATAN,3034,185,156,0,0,86,67,2540,427,2607,14.07
[01] BANGGAI KEPULAUAN,BULAGI SELATAN,3851,257,209,1,0,120,80,3184,587,3264,15.24
[01] BANGGAI KEPULAUAN,TOTIKUM SELATAN,3172,280,225,1,0,17,161,2488,523,2649,16.49
[01] BANGGAI KEPULAUAN,BUKO,3678,369,201,0,0,42,111,2955,612,3066,16.64
[01] BANGGAI KEPULAUAN,TINANGKUNG,7024,606,500,25,0,66,205,5622,1197,5827,17.04
[01] BANGGAI KEPULAUAN,TOTIKUM,4236,258,372,5,0,99,111,3391,734,3502,17.33
[01] BANGGAI KEPULAUAN,BULAGI,3756,446,266,1,0,42,144,2857,755,3001,20.1
[01] BANGGAI KEPULAUAN,BULAGI UTARA,3316,168,456,2,0,61,96,2533,687,2629,20.72
[01] BANGGAI KEPULAUAN,TINANGKUNG UTARA,3178,368,290,0,0,16,71,2433,674,2504,21.21
[01] BANGGAI KEPULAUAN,LIANG,3715,554,157,2,0,108,40,2854,821,2894,22.1
[01] BANGGAI KEPULAUAN,TINANGKUNG SELATAN,2753,513,76,1,0,20,67,2076,610,2143,22.16
[01] BANGGAI KEPULAUAN,PELING TENGAH,3595,336,492,2,0,71,75,2619,901,2694,25.06
[02] BANGGAI,LUWUK TIMUR,0,0,0,0,0,0,0,0,0,0,0.0
[02] BANGGAI,BATUI,6317,750,61,0,0,26,99,5381,837,5480,13.25
[02] BANGGAI,LUWUK SELATAN,12189,1240,372,1,0,32,325,10219,1645,10544,13.5
[02] BANGGAI,BUNTA,7298,944,29,0,0,19,414,5892,992,6306,13.59
[02] BANGGAI,BATUI SELATAN,5199,644,62,0,0,9,56,4428,715,4484,13.75
[02] BANGGAI,PAGIMANA,8548,1155,74,0,0,31,220,7068,1260,7288,14.74
[02] BANGGAI,LOBU,1451,211,5,0,0,10,0,1225,226,1225,15.58
[02] BANGGAI,MOILONG,7613,493,575,0,0,133,281,6131,1201,6412,15.78
[02] BANGGAI,MASAMA,4754,598,203,0,0,19,183,3751,820,3934,17.25
[02] BANGGAI,LUWUK,16780,2847,124,2,0,16,492,13299,2989,13791,17.81
[02] BANGGAI,NUHON,6753,1136,90,0,0,6,141,5380,1232,5521,18.24
[02] BANGGAI,LUWUK UTARA,8585,965,491,0,0,130,193,6806,1586,6999,18.47
[02] BANGGAI,BALANTAK SELATAN,2007,374,18,0,0,3,114,1498,395,1612,19.68
[02] BANGGAI,TOILI JAYA,5620,616,492,0,0,35,138,4339,1143,4477,20.34
[02] BANGGAI,TOILI BARAT,8939,1016,810,0,0,42,306,6765,1868,7071,20.9
[02] BANGGAI,TOILI,8404,1159,621,1,0,108,165,6350,1889,6515,22.48
[02] BANGGAI,KINTOM,4080,651,221,0,0,84,236,2888,956,3124,23.43
[02] BANGGAI,LAMALA,2338,501,68,0,0,2,6,1761,571,1767,24.42
[02] BANGGAI,SIMPANG RAYA,5640,1336,17,0,0,25,117,4145,1378,4262,24.43
[02] BANGGAI,BUALEMO,6486,1207,203,0,0,205,179,4692,1615,4871,24.9
[02] BANGGAI,NAMBO,4038,923,107,0,0,5,22,2981,1035,3003,25.63
[02] BANGGAI,BALANTAK UTARA,1707,347,100,0,0,5,0,1255,452,1255,26.48
[02] BANGGAI,MANTOH,2456,681,9,0,0,5,26,1735,695,1761,28.3
[02] BANGGAI,BALANTAK,2510,609,245,0,0,69,0,1587,923,1587,36.77
[03] MOROWALI,BUNGKU PESISIR,2057,199,0,0,0,3,0,1855,202,1855,9.82
[03] MOROWALI,BAHODOPI,11719,934,385,0,0,151,446,9803,1470,10249,12.54
[03] MOROWALI,WITA PONDA,6218,227,546,0,0,29,160,5256,802,5416,12.9
[03] MOROWALI,BUNGKU BARAT,4793,374,238,0,0,22,134,4025,634,4159,13.23
[03] MOROWALI,BUMI RAYA,4536,275,318,0,0,25,162,3756,618,3918,13.62
[03] MOROWALI,BUNGKU TENGAH,10337,1269,119,0,0,28,318,8603,1416,8921,13.7
[03] MOROWALI,BUNGKU TIMUR,4474,409,198,0,0,13,250,3604,620,3854,13.86
[03] MOROWALI,MENUI KEPULAUAN,2255,355,0,0,0,0,15,1885,355,1900,15.74
[03] MOROWALI,SOMBORI KEPULAUAN,1081,176,0,0,0,0,28,877,176,905,16.28
[03] MOROWALI,BUNGKU SELATAN,3309,111,355,0,0,105,52,2686,571,2738,17.26
[04] POSO,POSO PESISIR SELATAN,4193,56,596,0,0,21,15,3505,673,3520,16.05
[04] POSO,LORE TENGAH,1966,148,155,1,0,14,0,1648,318,1648,16.17
[04] POSO,PAMONA SELATAN,9308,588,484,1,0,441,452,7342,1514,7794,16.27
[04] POSO,PAMONA BARAT,3964,551,98,1,0,19,123,3172,669,3295,16.88
[04] POSO,POSO KOTA SELATAN,5884,916,53,0,0,33,147,4735,1002,4882,17.03
[04] POSO,POSO KOTA UTARA,7412,1082,194,2,0,22,25,6087,1300,6112,17.54
[04] POSO,PAMONA TENGGARA,3263,336,128,1,0,123,120,2555,588,2675,18.02
[04] POSO,LORE TIMUR,2495,416,30,0,0,20,15,2014,466,2029,18.68
[04] POSO,LAGE,8765,1042,512,1,0,88,202,6920,1643,7122,18.75
[04] POSO,POSO PESISIR,10521,1703,163,0,0,117,255,8283,1983,8538,18.85
[04] POSO,POSO KOTA,11607,1510,543,0,0,158,183,9213,2211,9396,19.05
[04] POSO,POSO PESISIR UTARA,6644,666,679,0,0,59,228,5012,1404,5240,21.13
[04] POSO,LORE BARAT,1227,59,138,0,0,71,0,959,268,959,21.84
[04] POSO,PAMONA PUSALEMBA,9988,1496,641,0,0,83,291,7477,2220,7768,22.23
[04] POSO,LORE UTARA,5824,971,325,0,0,39,58,4431,1335,4489,22.92
[04] POSO,LORE PEORE,1609,318,80,0,0,3,1,1207,401,1208,24.92
[04] POSO,LORE SELATAN,2594,468,143,1,0,44,0,1938,656,1938,25.29
[04] POSO,PAMONA TIMUR,5191,1299,164,0,0,45,67,3616,1508,3683,29.05
[04] POSO,PAMONA UTARA,6345,278,1592,1,0,44,6,4424,1915,4430,30.18
[05] DONGGALA,SINDUE,8562,571,520,0,0,32,205,7234,1123,7439,13.12
[05] DONGGALA,BANAWA,15531,657,1332,5,0,74,381,13082,2068,13463,13.32
[05] DONGGALA,LABUAN,5685,427,299,0,0,35,41,4883,761,4924,13.39
[05] DONGGALA,BALAESANG,8484,533,600,0,0,38,349,6964,1171,7313,13.8
[05] DONGGALA,SOJOL,8861,563,658,0,0,58,192,7390,1279,7582,14.43
[05] DONGGALA,RIO PAKAVA,7453,125,899,0,0,65,239,6125,1089,6364,14.61
[05] DONGGALA,DAMPELAS,11156,675,967,0,0,86,260,9168,1728,9428,15.49
[05] DONGGALA,BANAWA TENGAH,4193,108,534,0,0,12,67,3472,654,3539,15.6
[05] DONGGALA,TANANTOVEA,5855,367,529,0,0,33,86,4840,929,4926,15.87
[05] DONGGALA,BALAESANG TANJUNG,3912,121,490,0,0,22,162,3117,633,3279,16.18
[05] DONGGALA,SOJOL UTARA,3499,194,367,0,0,16,30,2892,577,2922,16.49
[05] DONGGALA,SINDUE TOMBUSABORA,4555,110,647,0,0,20,32,3746,777,3778,17.06
[05] DONGGALA,BANAWA SELATAN,9569,300,1455,0,0,39,235,7540,1794,7775,18.75
[05] DONGGALA,PINEMBANI,1362,6,278,0,0,5,10,1063,289,1073,21.22
[05] DONGGALA,SIRENJA,7231,744,812,0,0,64,145,5466,1620,5611,22.4
[05] DONGGALA,SINDUE TOBATA,3624,73,756,0,0,16,39,2740,845,2779,23.32
[06] TOLI-TOLI,BAOLAN,22882,2191,1203,0,0,205,680,18603,3599,19283,15.73
[06] TOLI-TOLI,DAKO PEMEAN,3410,109,395,0,0,44,173,2689,548,2862,16.07
[06] TOLI-TOLI,DAMPAL SELATAN,7985,919,354,0,0,40,69,6603,1313,6672,16.44
[06] TOLI-TOLI,DONDO,8097,402,888,0,0,79,51,6677,1369,6728,16.91
[06] TOLI-TOLI,BASIDONDO,3657,19,633,0,0,3,61,2941,655,3002,17.91
[06] TOLI-TOLI,TOLITOLI UTARA,6686,558,592,0,0,48,61,5427,1198,5488,17.92
[06] TOLI-TOLI,LAMPASIO,4349,398,338,0,0,77,78,3458,813,3536,18.69
[06] TOLI-TOLI,DAMPAL UTARA,5028,545,372,0,0,44,186,3881,961,4067,19.11
[06] TOLI-TOLI,GALANG,12597,2089,320,0,0,41,354,9793,2450,10147,19.45
[06] TOLI-TOLI,OGODEIDE,4529,363,651,0,0,34,26,3455,1048,3481,23.14
[07] BUOL,PALELEH,4962,506,150,1,0,58,282,3965,715,4247,14.41
[07] BUOL,KARAMAT,3603,396,115,2,0,24,26,3040,537,3066,14.9
[07] BUOL,BUKAL,5467,631,123,1,0,80,114,4518,835,4632,15.27
[07] BUOL,BOKAT,6514,403,522,4,0,161,215,5209,1090,5424,16.73
[07] BUOL,BIAU,13804,1826,329,6,0,270,443,10930,2431,11373,17.61
[07] BUOL,MOMUNU,6346,714,311,1,0,129,324,4867,1155,5191,18.2
[07] BUOL,LAKEA,4225,556,154,1,0,111,66,3337,822,3403,19.46
[07] BUOL,PALELEH BARAT,2387,466,3,1,0,25,41,1851,495,1892,20.74
[07] BUOL,GADUNG,4562,839,106,1,0,1,56,3559,947,3615,20.76
[07] BUOL,BUNOBOGU,3764,445,295,0,0,65,145,2814,805,2959,21.39
[07] BUOL,TILOAN,3626,544,224,1,0,86,77,2694,855,2771,23.58
[08] PARIGI MOUTONG,PARIGI BARAT,3042,289,33,0,0,24,78,2618,346,2696,11.37
[08] PARIGI MOUTONG,PARIGI,13506,1211,195,4,0,212,75,11809,1622,11884,12.01
[08] PARIGI MOUTONG,SIDOAN,5459,333,294,0,0,35,101,4696,662,4797,12.13
[08] PARIGI MOUTONG,PARIGI UTARA,2386,64,225,0,0,4,41,2052,293,2093,12.28
[08] PARIGI MOUTONG,PARIGI SELATAN,8792,825,257,0,0,38,68,7604,1120,7672,12.74
[08] PARIGI MOUTONG,MEPANGA,11726,1269,406,0,0,63,80,9908,1738,9988,14.82
[08] PARIGI MOUTONG,SAUSU,7916,1033,212,0,0,64,70,6537,1309,6607,16.54
[08] PARIGI MOUTONG,PALASA,9837,1354,151,0,0,122,62,8148,1627,8210,16.54
[08] PARIGI MOUTONG,MOUTONG,9094,1127,452,0,0,30,24,7461,1609,7485,17.69
[08] PARIGI MOUTONG,TORUE,8366,1231,214,0,0,52,9,6860,1497,6869,17.89
[08] PARIGI MOUTONG,KASIMBAR,9208,915,695,0,0,91,157,7350,1701,7507,18.47
[08] PARIGI MOUTONG,PARIGI TENGAH,3386,148,445,0,0,38,231,2524,631,2755,18.64
[08] PARIGI MOUTONG,BALINGGI,6946,879,434,0,0,28,2,5603,1341,5605,19.31
[08] PARIGI MOUTONG,TINOMBO,8143,650,916,0,0,43,63,6471,1609,6534,19.76
[08] PARIGI MOUTONG,BOLANO,6726,1126,213,0,0,28,109,5250,1367,5359,20.32
[08] PARIGI MOUTONG,TAOPA,5906,1038,198,0,0,21,70,4579,1257,4649,21.28
[08] PARIGI MOUTONG,ONGKA MALINO,7675,758,752,0,0,123,36,6006,1633,6042,21.28
[08] PARIGI MOUTONG,BOLANO LAMBUNU,8692,847,1052,0,0,40,308,6445,1939,6753,22.31
[08] PARIGI MOUTONG,TOMINI,7030,1057,441,0,0,80,153,5299,1578,5452,22.45
[08] PARIGI MOUTONG,TINOMBO SELATAN,11159,1723,726,0,0,69,448,8193,2518,8641,22.56
[08] PARIGI MOUTONG,AMPIBABO,9121,960,1031,0,0,130,148,6852,2121,7000,23.25
[08] PARIGI MOUTONG,SINIU,3999,916,121,0,0,44,150,2768,1081,2918,27.03
[08] PARIGI MOUTONG,TORIBULU,6359,1346,280,0,0,123,0,4610,1749,4610,27.5
[09] TOJO UNA-UNA,RATOLINDO,11926,1320,635,1,0,178,122,9670,2134,9792,17.89
[09] TOJO UNA-UNA,TOJO,5311,411,449,0,0,120,110,4221,980,4331,18.45
[09] TOJO UNA-UNA,AMPANA KOTA,8201,591,783,1,0,182,204,6440,1557,6644,18.99
[09] TOJO UNA-UNA,WALEA KEPULAUAN,1569,181,136,0,0,1,54,1197,318,1251,20.27
[09] TOJO UNA-UNA,TOGEAN,3310,414,270,0,0,26,59,2541,710,2600,21.45
[09] TOJO UNA-UNA,TOJO BARAT,4975,659,285,0,0,124,190,3717,1068,3907,21.47
[09] TOJO UNA-UNA,TALATAKO,1904,257,92,0,0,61,59,1435,410,1494,21.53
[09] TOJO UNA-UNA,UNA - UNA,2584,272,266,0,0,53,55,1938,591,1993,22.87
[09] TOJO UNA-UNA,BATUDAKA,1900,295,117,0,0,50,15,1423,462,1438,24.32
[09] TOJO UNA-UNA,AMPANA TETE,10508,772,1623,0,0,166,106,7841,2561,7947,24.37
[09] TOJO UNA-UNA,WALEA BESAR,1393,325,23,0,0,3,6,1036,351,1042,25.2
[09] TOJO UNA-UNA,ULUBONGKA,7024,1003,769,1,0,69,53,5129,1842,5182,26.22
[10] SIGI,KULAWI,6192,257,367,0,0,27,14,5527,651,5541,10.51
[10] SIGI,PALOLO,11670,279,1023,0,0,126,227,10015,1428,10242,12.24
[10] SIGI,NOKILALAKI,2230,220,93,0,0,18,4,1895,331,1899,14.84
[10] SIGI,LINDU,2025,310,0,0,0,0,4,1711,310,1715,15.31
[10] SIGI,SIGI KOTA,6960,132,895,0,0,47,355,5531,1074,5886,15.43
[10] SIGI,MARAWOLA,12522,1374,547,2,0,80,273,10246,2003,10519,16.0
[10] SIGI,SIGI BIROMARU,19528,2060,964,0,0,111,258,16135,3135,16393,16.05
[10] SIGI,DOLO,10066,1490,295,0,0,67,200,8014,1852,8214,18.4
[10] SIGI,DOLO SELATAN,6932,826,560,0,0,22,65,5459,1408,5524,20.31
[10] SIGI,MARAWOLA BARAT,2236,25,427,0,0,6,2,1776,458,1778,20.48
[10] SIGI,KULAWI SELATAN,3589,553,183,0,0,12,11,2830,748,2841,20.84
[10] SIGI,TANAMBULAVA,4188,558,321,0,0,9,97,3203,888,3300,21.2
[10] SIGI,KINOVARO,4377,689,212,0,0,64,39,3373,965,3412,22.05
[10] SIGI,GUMBASA,5645,1090,192,0,0,40,68,4255,1322,4323,23.42
[10] SIGI,DOLO BARAT,6739,422,898,0,0,379,234,4806,1699,5040,25.21
[10] SIGI,PIPIKORO,3334,565,274,0,0,91,2,2402,930,2404,27.89
[11] BANGGAI LAUT,BANGGAI UTARA,2817,319,137,0,0,32,113,2216,488,2329,17.32
[11] BANGGAI LAUT,BOKAN KEPULAUAN,4227,123,610,0,0,61,28,3405,794,3433,18.78
[11] BANGGAI LAUT,BANGKURUNG,3438,163,492,0,0,54,39,2690,709,2729,20.62
[11] BANGGAI LAUT,LABOBO,2177,7,439,0,0,7,49,1675,453,1724,20.81
[11] BANGGAI LAUT,BANGGAI SELATAN,2162,241,211,0,0,15,3,1692,467,1695,21.6
[11] BANGGAI LAUT,BANGGAI TENGAH,3299,82,681,0,0,23,115,2398,786,2513,23.83
[11] BANGGAI LAUT,BANGGAI,10447,944,1651,22,0,43,80,7707,2660,7787,25.46
[12] MOROWALI UTARA,PETASIA,7195,586,226,0,0,23,183,6177,835,6360,11.61
[12] MOROWALI UTARA,LEMBO,5640,84,660,0,0,21,60,4815,765,4875,13.56
[12] MOROWALI UTARA,MORI ATAS,4103,264,200,0,0,96,49,3494,560,3543,13.65
[12] MOROWALI UTARA,PETASIA TIMUR,6901,580,391,1,0,8,84,5837,980,5921,14.2
[12] MOROWALI UTARA,SOYO JAYA,3054,205,205,0,0,42,30,2572,452,2602,14.8
[12] MOROWALI UTARA,PETASIA BARAT,2611,91,259,0,0,81,0,2180,431,2180,16.51
[12] MOROWALI UTARA,MAMOSALATO,3455,497,61,0,0,44,0,2853,602,2853,17.42
[12] MOROWALI UTARA,MORI UTARA,2905,445,64,0,0,5,172,2219,514,2391,17.69
[12] MOROWALI UTARA,BUNGKU UTARA,4993,559,287,0,0,54,11,4082,900,4093,18.03
[12] MOROWALI UTARA,LEMBO RAYA,2873,157,437,0,0,33,90,2156,627,2246,21.82
[71] PALU,MANTIKULORE,38745,2147,1673,1,0,222,545,34157,4043,34702,10.43
[71] PALU,PALU UTARA,9975,285,702,1,0,59,432,8496,1047,8928,10.5
[71] PALU,PALU SELATAN,32052,1330,1913,5,0,166,412,28226,3414,28638,10.65
[71] PALU,TATANGA,24100,1436,1023,1,0,137,318,21185,2597,21503,10.78
[71] PALU,TAWAELI,9214,382,583,1,0,57,341,7850,1023,8191,11.1
[71] PALU,PALU TIMUR,21917,1667,782,2,0,163,320,18983,2614,19303,11.93
[71] PALU,PALU BARAT,20791,2086,454,3,0,131,327,17790,2674,18117,12.86
[71] PALU,ULUJADI,15395,843,1266,1,0,106,403,12776,2216,13179,14.39
TOTAL PROVINSI,SULAWESI TENGAH,1180409,117440,74344,124,0,11144,24268,953089,203052,977357,17.2
